node_id,east,north,type
id46030C9C-2C59-43D3-BB88-CCBF19845D1D,354386.6563,244187.2656,road end
idA6ED69F1-8FF7-4C2D-9341-2ABEE179A58B,345257.9375,154001.3125,pseudo node
idF2D8469C-308A-4959-B136-FEDDB91386CD,387655.0,399647.0,junction
id87649BF8-4C83-4926-881F-B3D94099A1B1,345549.0,504406.0,junction
id31C5DC8F-76D5-468E-B336-FDE6FC1000CF,558900.6875,258166.6563,road end
idAC91EA63-E330-4A7F-89DF-2139C8BA10D8,271376.3125,845217.3125,road end
idB6EB0BF5-D82C-45C9-B687-BBEBB504715F,287114.6563,188561.5156,road end
id719600FA-36F6-48C8-91FA-6E8E8B58E751,336692.7188,559275.8125,junction
id337F34DE-6A95-4C87-883D-FB9174ED3228,389049.0,296619.0,junction
idA7C33AFA-007E-454B-B1B0-49E5E0FEE7F1,501890.4375,208991.4219,junction
idFDA92270-E31B-47C7-A4B0-E1FD20113498,478459.0,511396.0,junction
id6B7C231F-C806-42CE-8859-B30BE55A328B,563908.4375,255467.3438,road end
id85DA8888-FB4B-4ED4-B563-63F7BEEA1FA1,466539.1563,243647.3438,road end
id46304686-4460-4A19-9104-5AD5DA02EDC8,420037.0,502592.8125,junction
idA3EA2FA8-57CA-42C4-B611-CE07B9B6679B,281169.3125,52195.67969,junction
id5500FFC4-F49D-4246-B660-17B06D4415A1,224532.5938,675865.0,road end
id1190074A-D05A-41B1-A098-1E0C0BAB469E,305413.7813,259629.2813,road end
id0D66B90D-4D88-4B74-A6D1-D0FE0BCBCD8F,386288.5,412974.8438,junction
id1D65457E-66FC-4CC9-AF2B-503D1BCBA0F2,368748.0,409543.0,junction
id46464E6E-9243-4819-A462-E363C424DC05,507556.0,163642.5938,junction
id40C48DD0-84A8-4AAA-9FC6-6391BA7F3348,599546.75,226970.9531,junction
id13247DFC-468D-4C57-B167-F643DE61CBCE,651977.375,308831.0938,road end
id22C8B85E-E6C4-4545-BAD1-B6E0514F401C,484346.7188,154157.5,pseudo node
idE09E009A-64C1-40A6-AC64-CE3848BA280C,334411.0,439293.0,junction
id6A186EE5-A69F-4F7C-90CE-0B60348C9BE2,589662.5,184919.125,junction
idA76486F4-A0B4-4EB4-8749-8CE5A265E351,518949.0,196292.2656,junction
idE82F12C1-5DC2-4473-BC6A-475B135C2FCD,566662.625,148813.375,junction
idB6739CB2-ADFB-4FC5-AA18-DAC6DB26911C,392455.8438,383315.5625,road end
id623A8CB7-F80D-488E-8B6D-83333D23DA12,378221.2188,371251.4688,junction
id7CBD319F-2ECE-4073-9856-14501DD85B8B,211194.0,697547.0,junction
idA324F164-A979-4569-90CE-8E3BCD6B9631,528792.0,172872.7656,junction
id0947139D-855C-489C-AAFB-A095004F328A,253445.2969,188661.9063,pseudo node
id9E116F35-F84A-4DD5-96CB-68A1BAA0DD62,304948.2813,205244.4844,road end
idDCC3F70D-48CD-418D-9E8C-A39EA2A78C09,232597.0,640918.0,junction
id0FEB1EEC-E306-4293-AFF0-3CDC9A6E64D2,282778.1563,706763.375,junction
idDFFD08C5-E4C9-43C0-84F7-45B451000588,375851.8125,397547.5938,junction
id59507F02-F14B-4A99-9822-67C5A47AB4BA,505928.0,428406.0,junction
idF47A4B52-4197-4CA6-8878-1C7F1B4AD722,320840.125,469136.5625,junction
id433DDBC8-E954-4888-A1CF-923059A6F80C,356940.2188,807327.125,junction
id730E4032-A039-4849-A15E-4E6046B1A24D,252688.8438,846169.125,road end
id4177F207-C408-441A-B03C-C14509DF3B72,529740.0,176670.0,junction
idC0E94FB9-FF6E-4FDE-80A9-6D358B2D8910,532054.9375,197792.875,junction
idE5F69BF9-0D99-4D3B-BD45-5A653A526306,419881.0,255605.0,road end
idDE2C83F5-CAFC-4A72-B281-7E20E71323F1,521471.5,170458.5156,junction
idFAA613AE-4CA2-4E3A-85A5-6A5C713568D4,333278.5625,142621.9375,road end
id4583C0C5-F25E-4ED8-8124-10D310909C93,385872.0,403880.5625,junction
id8BC2B85E-5EE7-42A2-8AC6-1959C81FC9D2,426845.1563,555674.125,road end
idA312EDF5-BCE2-4C19-8FF5-EE4EE6249FC6,463783.9375,154646.5469,junction
id36867044-29C2-4F9D-B256-7E0176AF791F,528967.0625,181580.6875,road end
id8D829DB4-7147-41BC-B5FC-7E6878FDDC3C,446759.2188,1140138.375,junction
idA88D890A-9DED-4E38-A56C-ED0DA64CB941,314379.5625,362214.7813,road end
id6F2612A4-1F95-4701-A052-4693F887E9C4,435024.0,147273.0,junction
id1BF51B39-9585-4E51-BECF-CF49B4D0A7CA,416739.5313,534666.125,road end
idA240D3AC-B3FA-4A06-90BA-67224D94C2C0,287211.0,377480.0,junction
id85420430-5C9F-4C76-A489-52C5F956F456,235147.0,623690.0,pseudo node
idCEDC471C-913D-4872-8932-0EE1406108D4,508848.8125,293005.7813,road end
id42A6966F-92A5-401A-811B-1139E6F3ECB2,406559.0,269050.0,road end
id0B13461D-42F8-4B64-AC3A-B550DEF66840,388780.3125,390227.2813,road end
id45CD9E1D-1514-4040-8885-B4D6FE13F71B,516726.125,198854.5938,junction
idA5823EFC-C598-48E6-9B18-C1C0F00D64FF,450123.2813,360734.875,road end
idB714DC65-F9A2-4ED6-8FC3-EF9B64BC83AB,306130.125,204312.7656,road end
id488AC67D-20A8-456F-9A44-14DD233A5093,384138.0,199825.0,pseudo node
id4B92DA0A-A2C4-4E45-A91E-9DE2E5B6D226,364388.7188,206604.875,junction
id423F4D80-5E52-4A46-A716-9901707C2718,498297.75,272844.4688,road end
id80F0CCDB-5789-4FC3-9F9C-AACB11BEB700,430236.1875,434290.7813,road end
id5D7ED978-A269-41B9-9A64-F3B264EEDCC4,437444.4688,505166.625,road end
id906D8DBD-C812-4269-8F83-5707A23855F2,408491.0,93245.0,junction
id23688C0D-2F98-4D6C-B127-8B44F9ED8C84,420733.0,420765.0,junction
id22378693-142E-4258-B96F-DC10DEAB61CC,611469.0,280606.0,junction
idD63570E4-588F-4400-80A3-F00E1D2AB12F,264622.0,660262.0,junction
idCDE80248-B0DB-4E7C-85D4-764E964D55FF,327175.7188,213683.4531,junction
id70814FF6-BF0C-4A18-A40D-BF5D416B9F74,315417.4063,177994.2813,junction
id9F099301-28AC-412F-B2BB-84DDCB8EBE87,435260.0,406008.0,pseudo node
id6F93CD8C-10F7-4A5F-9EA4-1A5373FFDA80,222131.875,214592.375,road end
id5584DEE3-D121-4E2E-A093-45725E861674,339177.1563,388330.6563,junction
id1ADDD274-180A-45F2-8D64-6BA02596A968,404129.375,245105.0625,pseudo node
id316F9CD5-27A8-45E0-AC32-7EA403896F46,460645.0,150338.0,junction
id42E4C324-1EC6-4A2E-AFFB-7B11CA508241,522799.0,271439.0,junction
idB01EF7AE-86C1-4BA4-9CB6-98ADC4714AF3,275585.5313,889770.8125,junction
idAD2740B1-753D-4069-A133-8B15484D0790,163890.9531,40658.39063,road end
id4FC3EDC6-C0BB-446B-9A2F-0BE537E20F48,331398.4375,162235.8438,junction
idA48A3DAD-FBB5-4FBC-90A6-6AB6B649B041,277466.625,657528.375,junction
idD4AB42C2-7705-4BB5-A6DA-6E5611173F0F,475547.2188,261989.4844,road end
idF26576B0-4559-44BA-B1E9-10B6DD03E9FB,446138.6563,411454.0313,junction
id5D7CD448-2AB0-4840-8622-231EB3C2C756,314132.8125,193385.4063,road end
id9E9DDD43-8173-401A-A264-B697E58538F2,542584.5625,156822.4844,pseudo node
id3000E618-6436-40C2-9764-434B87E238E1,505019.5938,426581.3438,road end
id474C620E-BA36-4FFF-977C-70225C88A968,405893.875,300828.5313,junction
idD9B34519-4AA7-48CE-A362-C62A5E55E9EB,387102.0,438420.0,junction
id19AB282C-C770-4281-8B19-13E7D6E35C3D,423658.5313,561015.5625,junction
id8C776778-4B71-4802-A898-39FA0CEE85B0,389597.0,286328.0,junction
id72A49998-F667-46E7-9A41-E9CE3D102C2E,548606.1875,154767.1563,road end
idC94FDE96-6892-4AAE-865E-62852B7D56B9,233724.0156,79015.09375,junction
idC444C75F-17F5-4C38-82E3-C394E4D6441E,352173.0,430126.0,junction
idC53E77B4-B75F-4137-AA25-5591345E2D37,389510.0,393347.9688,junction
idF8BC30D6-E9D1-45D4-B2E3-31A4EC3BC974,484591.1875,238023.5938,roundabout
id4CF66511-F1E2-49BA-BFF0-4B9E2AAE09EA,392686.0,808807.0,junction
idA3E443BD-F7EC-432A-8F9C-9E7D173B4443,401747.9375,298519.1563,junction
id9AC23A9C-6635-454A-883D-5FC539F0628E,322263.5938,525276.8125,junction
id837FC39F-9F0F-48CE-8582-CC19CF1F67B4,330839.4063,342631.2188,road end
id6F4AE0C9-7F14-4012-A6FB-FE43299778B4,166546.5938,787937.125,junction
id6FDED726-CC4B-486E-9BAD-584B3CC1D500,459608.875,393585.625,road end
id811FB5BA-3DEF-47CD-BFE2-438E96D391DB,553758.0,174798.0,junction
idDED85997-FE61-4CA3-AC5E-EA9B5D97D7BE,406005.625,601520.5,junction
id936DFC50-989D-4010-83DB-9E0AF3181119,370813.0,304720.0,roundabout
idEB5D40C1-515F-4A7F-87C7-35CACD7875DD,505163.75,185045.0313,road end
id64A0E335-3DEC-40FA-9F3E-EA36B2D674F0,535046.3125,172291.4844,junction
id3E66DE16-AA73-4506-9733-0B5EA422F913,399028.0,97464.0,pseudo node
idCD5E2006-7CF9-4E4D-89CB-007327FDD363,445084.625,525602.125,junction
id911CCD76-2AE2-484A-9407-F20EE2D55CBE,370148.0,401229.0,junction
id54B84159-66A2-4B25-A7DB-C4EAE8FCD02C,340277.125,186495.0156,roundabout
idFE062308-7986-471C-B9ED-C31E9F7DDB41,472754.0,383476.0,junction
idE3249E65-1BC7-40D6-9C25-3D2CAFF93A82,476160.0625,268710.8125,junction
idEC1F39DB-E392-4EEF-A39C-22B92BD7F890,316535.4688,684129.125,road end
idA92629E7-1378-41E5-9930-D232B246A49F,317041.2188,144690.5938,junction
id4F7E1233-E1AC-445D-9B50-C7DADD3B312E,440045.625,555744.0625,road end
id891BADBB-A789-4928-8566-17E05F2BF1C0,352535.5625,431981.875,road end
id19A32B53-C800-472D-B378-9434688F1134,532540.0,183417.0,junction
id017A3853-5318-4C27-82BB-276B10274F9C,453155.7188,305958.8125,road end
id2326B4F8-4599-44CE-9A11-146C1FE93688,344842.25,1011003.375,junction
id7CF67D6C-AABC-4FEE-9D43-D153F83A78B8,429826.0,583451.0,junction
id5E46F475-D781-4A83-BC9F-C291CDAE5B86,175633.0938,53916.5,pseudo node
idC86CCF20-D6DF-4D2A-BB44-467EE29647CF,416239.0,431031.0,pseudo node
id61036592-708C-4D4C-BD9F-ACF38AF34E21,471528.5313,479981.2813,road end
idDF321718-59FD-4B30-AF8C-0D191B4FFAC9,501935.0,421556.0,roundabout
id078CED8D-189F-46AB-9A1A-5F801E1216B1,367432.3438,309040.8438,pseudo node
id117F3706-A0D2-4939-AF31-132DE594C9B8,572846.0,154857.0,junction
id08C1872C-A0AB-4485-8CBF-FD6C24F50037,204662.9844,662005.375,road end
id975D4E0F-40B0-4846-AB81-1F88A982469E,426718.3125,237754.7969,junction
id5A010D5F-7E57-452A-9C18-E7E60584764E,439862.0,187798.0,junction
id5D37CC5B-3E1A-402F-9CCA-5F439FB72289,480808.25,240994.4688,pseudo node
idBF248678-4078-45D3-BC17-398B7A476B4E,297563.8438,267658.875,road end
id180640B2-009D-4947-8B4C-6B32A64495BC,376413.75,237996.875,junction
idDE125FD6-979F-4E0A-BB00-48D6EE388EF2,397481.0,824887.0,junction
id3A30E200-A705-4FB1-B3E8-A410AD972583,321282.75,477741.625,road end
idA2038AC5-31ED-4C83-835E-FC3FFAA2E98A,368262.625,424278.0,junction
idD14283E1-E3F9-4CFA-A2AA-0CAA0B3D94E9,464592.6563,105169.8281,junction
id0F4AF553-A49D-483B-B784-B571B7F04FCD,478388.2188,411161.4063,junction
idA5B924BB-D4C1-4335-A926-8C9B6684CBE7,400646.9375,343194.7813,junction
id9692DCD8-344A-4F1E-90A2-25A19F622F79,272217.4688,118088.3984,junction
id4F037EB2-BA9B-4C83-BAC0-61C39BCD25AA,390098.0,173296.0,junction
id77CE7F4A-C44F-4CEC-9941-211CE236BBD6,411695.25,292851.375,junction
id77A1CD04-B02D-4C27-9A71-681F4BA2C025,541791.75,151710.9375,road end
idBDC6A92E-E41C-4FCE-89A7-0934BF1FDF40,412818.7813,187765.3906,road end
id261EE5F4-066D-45B5-B090-4FD807F90A67,314456.0,541391.0,road end
id834EBD24-85ED-4F5E-A286-0D32A07BBEBC,265265.0,654062.0,junction
id014949FD-BEA6-4667-A385-E7886D8E6F1E,392828.375,806191.8125,junction
id833390D2-D194-4373-B347-5050171B8B50,285310.0,687839.0,junction
id66B11F9A-D575-43A8-B7AF-BD5A59B4DCC3,388451.625,862910.875,pseudo node
id02CB8A8D-6735-406A-98C7-92A9B6BB06E7,529318.6875,187784.4844,road end
id7DC0DA41-3DB8-4E9F-A367-4B824B285FAE,496815.0,198260.0,junction
idF19347EB-AE68-47BD-849A-AA77A3EA4763,251388.7188,67066.72656,junction
id5CF1A653-FC62-4E21-8ECD-47A91CA0231A,274383.0,190074.0,junction
idCA978A45-2A7F-46A9-BA0A-2173C4410ACF,507233.5313,118130.7891,junction
idB0703B08-D065-4C01-9DEC-8C143E534AFE,425709.2813,406592.875,road end
id74843363-3CE8-4456-AD4B-40A2FDB8196B,382099.0,397317.0,junction
id3EF69FC3-CF98-441B-AD3C-AA36B9C09D6E,304922.4063,103788.2266,road end
id0D215EF2-8653-406F-8BD5-A23623291AE5,555649.0,173349.0,roundabout
id86E47597-2AE8-47CC-A3DA-A13520AE8C23,430902.0,581407.0,junction
idC089A933-56E7-4E4D-9286-3F8EBA80D4BD,483171.0,482523.0,road end
id1FCFD241-21CB-4A35-B457-5579BB6781D3,511109.125,479636.1563,junction
idEAE19F7A-073F-46FE-8CCF-937731FB7813,282309.0,100374.0,junction
idA3FD30F5-43DD-4272-B579-2F7797874AAE,493540.9063,459101.5,junction
id6A333D90-B118-4D30-9806-262BDA7BCD9A,477815.0,266620.0,junction
idF5AE86D6-0DF1-43DC-B46A-39FAAAE71870,417406.0313,501097.25,road end
idCE90C01C-33F5-46CE-AB21-AC9E2F673843,591449.75,157552.6875,junction
id65C2B0C1-7C5D-4EF1-BC4E-9911735A0222,300505.875,531243.875,road end
idDFA29A3B-726A-4CD8-98B3-92BF1E21B3BB,414227.125,290970.4063,junction
id30C4C840-AB5F-4AB3-9A45-BD6EE29F0916,326825.5938,709633.0625,road end
idB351258B-EB95-4C3D-B19D-28BB785FE5CA,425726.3125,222429.1875,road end
id08C8832E-1205-4A6A-85AF-37474DCFDF07,538061.0,174249.0,junction
idB7AC8D47-0F72-4D4F-AF5C-58E71B6A0F96,569402.75,174696.25,junction
id53487144-7F88-4892-B203-7F254D24A900,316755.375,328255.625,junction
id7B14BF8B-2461-4725-9453-7A3DAAA3AC95,333029.0,382297.0,junction
idD6AAAEC2-D1FD-4F00-82B5-AEBF2B669D3C,349471.875,171439.8906,junction
id44978DA6-398D-4223-A4F7-745F21C75811,143775.5156,24703.80078,junction
idD4F73ED0-D42E-4B89-9B1C-195242F11D19,279686.125,889884.4375,road end
id4612A7A5-5DB5-45D5-BCB4-9EFF261B2D5A,445608.9688,118543.0,pseudo node
id44C6F6D3-CC9B-4738-B89F-4788B2803AD4,193787.2188,669205.3125,junction
idC9B24D1F-9999-4379-88FC-51DC593B7BD2,444975.875,327454.125,road end
id9C426EFF-EC47-4619-B402-5C499BB715A2,289500.0938,56345.71094,junction
idE4F8EBC3-FC2E-49D2-B7E4-99DE2161C076,483055.3125,214215.0,junction
id0A3F1DEC-5FD7-4112-99C8-0BE45C348A22,551308.625,364547.4688,road end
idAE191A51-232D-4626-864E-ED7B3E0AEAA5,285336.5625,210173.7969,road end
id4BB7179B-7E4B-4916-8DCF-DB0AD6EFF545,407004.875,286741.875,pseudo node
idD1BA7580-4AD5-49BD-8C46-ABCAEB5BFA6C,617232.6875,245531.8906,junction
idA7FE4C90-1495-4A0B-BB02-A8338463FDD6,273505.0,661302.0,road end
id1401BA01-2668-4100-A71C-DCF978F26C1D,428306.625,477410.4063,junction
id87DFBA5A-E7FA-44C2-8D7F-2FEBD08974F9,309518.0313,266241.4688,junction
id8FDEE270-DAE6-4FCF-B2EE-DB29FA7A6601,410693.625,345073.75,junction
id5CE38257-7544-4E4F-8E7D-894D820C3927,330529.7188,389596.7813,junction
id17DF959E-B2C2-4949-B190-DEB6ED855719,395607.6563,285027.3438,road end
id1F0D7FBD-21DE-438A-9322-6090FE08CCE5,351198.0,382572.0,junction
id17C5C85E-32D0-4713-9A0F-0C9421874B4D,370505.0,409046.0,junction
idFB1C2DB4-D063-4053-A5E2-7F690F11D5DE,519024.0,229454.0,junction
idF41BAA6A-B693-417B-BEB9-99BC2CE2DF6D,377124.0,412169.0,junction
idDC5E8B35-8AB3-4C9A-B15D-7AC681A5F25E,454246.0938,443148.4375,junction
id8D23E19D-3A79-4564-BCC1-3FD73C8BE947,335258.0,114772.0,road end
idA874E704-D5B9-409C-AE82-C1571CA896B4,406905.0,279810.0,road end
id454895D1-33C0-49B0-BCD1-57109868A164,469707.9375,380804.6563,junction
id574C27F7-5C9C-420F-A23F-A4BC8D0904D7,356105.1875,403093.0,road end
id60E69543-5633-4591-989F-0F5DD1063962,317300.0,176942.0,junction
id92A7506E-96F9-4D12-AAEE-8BDD6C035AB8,352956.7813,240241.7969,junction
idE15E9740-6485-4074-8A56-1AF0A0F491B2,351723.5313,416812.5,road end
id902B2D5B-7D9C-4788-AB8B-C2CB7E81792F,383831.3438,204568.0469,road end
id2953577D-64FF-4560-BB19-26D0991DDCD4,278251.0,692852.0,junction
idFC276627-6A42-4B97-B7CB-0B6202C9CE46,430546.0313,104321.2891,junction
id6583D45D-A89F-4F0C-812D-9DC8A7EDD084,496470.7188,104171.4375,junction
idD6A30944-11B1-4ED4-8B0F-C83D240C3501,578092.0625,166763.4219,junction
idD2FA4B2C-B189-4FBE-8FF3-76444C489B7F,438537.8438,330538.0,road end
id4456D0B3-FA76-4A48-9A63-6FCFAA838715,284490.8438,99832.04688,road end
id370314E2-10CE-4D19-BA8E-F10A40B2C945,398820.0,408416.0,road end
idEA028577-E911-4747-8B5A-3679B6EC3B7C,389983.3125,197338.0156,junction
id4F440BB1-F6C2-42DD-AB52-218D5B2AF52A,327851.0313,381151.9063,roundabout
id10ED6879-2C73-48FC-8FBD-604A6CDFE358,629754.875,257665.25,junction
id64E5F1F4-84BA-4EFE-8549-C7E685BF9AA4,390258.25,285431.1875,road end
id8EBB60D0-51FD-411E-8991-9E8F49F42C97,597588.9375,227047.3125,road end
idDBE648D5-E486-41B6-A986-D191E62961AA,588000.625,264875.375,junction
id2632C8C7-4581-4D46-B981-81462D6544EF,472562.8438,169509.5313,road end
id27E74B27-8DB7-45E4-B44E-79AD7E9C2C31,325007.125,729265.0,junction
id4CED19EC-C073-4549-93E1-39698C550E1B,401491.0,300897.0,junction
id6D23D857-54A7-45FC-8D53-D989689626D2,90338.0,10474.0,junction
id6A9E5942-C0CE-4725-8B32-6A443CBA4CD7,219838.0781,238735.9219,road end
id63AFF3E2-39E0-49F3-97E5-06F35622C433,458633.0,358880.4063,junction
id19053A80-6E82-480D-8B4E-9E72FDF8D66B,401200.125,381007.5625,junction
idE0C3BE45-6016-4EBF-AEC1-D30B266C89FE,382139.0,807083.0,junction
idDA3AE69F-93A3-4CD1-B065-9CE19FC3DE63,267276.5,57283.10938,junction
idF6E3312F-4407-4962-A3BA-83F43003F61B,398993.3438,287777.9063,pseudo node
id9B1D14AD-4408-4A8E-894E-7B44E87E5578,441475.8438,112963.0234,junction
id81BCE52A-D79E-4665-B857-18E1ECF9973D,535153.0,183712.0,road end
idDDFE4D13-E399-44C9-BAC5-4B07FCDFE448,495383.0,177057.0,road end
id0153DF01-BF72-457A-840A-CF577D299E0A,220521.0,648319.0,junction
id3BB2F136-5253-4373-A69D-B023477961FB,543920.375,184612.0938,road end
id2C31767B-A7B6-47CD-968E-232699785D6D,265020.6563,220123.5156,road end
id9A82AD7A-E8DC-41EB-90C9-DAF347EC4166,300460.6875,294415.0938,junction
id807B6A3B-9AB7-45F8-946B-6DAD78150475,328696.0,201335.0,junction
id5F85F9FA-5A83-4681-B1FE-D2EAC9E12B4F,239451.0,638367.0,junction
id918E8766-EA27-4434-AB49-3E378E26ED27,405840.875,203461.9688,junction
idF27A06B1-ACFA-4D49-ACDE-A6422EF3BF6F,638384.375,263430.9063,road end
idC40DDC82-D2FC-44B3-AF92-0FAC593A0D63,461230.0,299798.0,junction
id74AF6CBE-FD02-4F3D-9FD4-F7116A7F88DF,385912.3125,407492.4688,road end
id289DFDF9-0CF1-47F8-9403-293D465B0D6A,437711.0,330928.0,junction
id7FCD79C6-EC76-4939-91E3-361A7AA0D5C7,647873.8125,302475.75,junction
id93F20963-1704-4431-B331-4DA2E9EF3D33,631130.25,319564.9375,junction
id51B18FC5-B4CF-4718-B397-B78D9FD3E1B3,450985.9063,113019.7109,road end
id9DDDEAC3-4690-4E7B-ABB7-868395A09A20,378798.125,391570.7813,road end
id8892B808-75BE-454E-93E2-FD82D74E01FC,585494.0,223362.75,road end
idB0065ACD-4978-450E-A3AF-A953839DED36,394209.0,305367.0,junction
id88B29C0C-9B3A-4D87-A874-13D9EB9039B2,382754.1875,388102.0,road end
id82C3DD53-7665-4B3B-BF7E-8E37E74A6FF1,183660.6875,61925.23047,junction
id2609DE80-E584-4A97-B761-B53A9CA64053,355607.3125,185490.0469,junction
id981FE4BA-63F8-4273-9F18-2D5EFE01597A,621408.6875,219270.5938,junction
id53823167-0FD7-444A-86CA-ABF32B6AFDDD,539443.875,173519.1406,junction
id8CAFB503-71A2-4784-8A55-6889FAAEB0DC,158818.0,809210.0,road end
id63B2246A-8EF2-4983-A45C-78FC283E4D76,411258.0625,279618.5,junction
id11129ADB-9EA6-47CA-B7F2-63B958C4D4E0,496151.875,409087.9063,junction
id2491C949-CF01-49FD-970D-3A893418C568,385197.0,156963.0,junction
idD67DBACB-2FA2-4E66-9286-ABC4F06D8F68,518282.7188,228838.2344,road end
id2CEA240D-3FB9-42D3-AF6E-6D4B0E24D809,364190.25,411040.625,junction
id65F86792-08BB-4281-8DF8-1D8F55C0388C,435991.0,564301.0,junction
id115BA1DB-9C38-447C-9532-F6153E481B09,401696.2813,550095.1875,junction
idAF58F7AB-1873-45AE-8498-56DC564E7E87,492786.5313,410451.3125,junction
idEB3FD85C-9D15-4C36-AD3D-B7FF3CFBBA65,440710.75,332574.1875,junction
idA8E1CCC5-F72B-4121-94AC-C1D7C1B7E946,416709.0,420798.0,junction
idC70EEE26-EF46-48CA-A87A-9E5B1A9E8064,580000.0,224849.0,junction
id639A7392-7AE9-49AE-ACFC-051BF87AE7DE,453353.0,317381.0,junction
id6282DB37-D54E-4E83-B339-C9E2C3C31722,349818.0,232016.0,junction
id6FAD748C-B8F7-4952-B648-B5ADE26536A9,400521.0,282120.0,junction
id51E21AC8-D944-46CA-ACDB-8C2BA2D3CD13,551620.875,129759.7813,road end
id3E2271ED-124F-4785-A3CF-7DFCF32B00F9,354149.25,383421.1875,junction
id56A69517-F08B-4ABA-B441-4987EB6FA094,384814.0,381447.0,junction
idC2E366F0-BDF4-42DB-B312-D658996C56BB,459860.0,257417.0,junction
id548FABE7-3AF5-461C-ABDE-5EFE7A7CC49A,510572.5625,174211.2344,junction
id929EB2D2-A314-4028-BC47-47A56A062218,491661.0,244148.0,pseudo node
id3BAC4838-37CC-487F-AC95-9B49C7BBA186,477844.0,305700.0,junction
id08AEA4A2-3430-43DF-A15B-4AF2DCA5CED8,418884.0,562477.0,junction
id50FED76C-1B32-45FF-BD87-B61577FC029C,487820.0,192886.0,junction
idA7DEF62D-2189-4B5E-899D-2A1483C188BE,534092.0,188994.0,junction
id6660F50A-BB0A-432B-854E-F4D06E23B3F4,428254.0,91780.0,junction
idB17C979E-60DA-48FE-B839-2F3ADAAAF190,295783.25,200243.9063,junction
id5F849861-4C41-49C6-9B6D-53D5A75C5A6F,431414.4688,417032.8438,junction
id3668E6BC-B218-430A-A16E-45F8865A7B47,454408.5938,360952.1563,road end
id05BF64A5-2548-4F35-9462-7DF20FB3A351,314247.7813,176856.0938,junction
id147B7313-061A-444B-BD5B-40B1921D98D4,387503.0,289666.0,junction
idC2958F86-496E-40F0-80D9-757716056497,251233.2656,848785.6875,junction
id313F4B62-1525-4B36-96D1-1A2E01E886AF,508199.0,163879.0,junction
idCD160C67-1001-4CB9-B132-C6C9E35354A8,354114.9375,407490.25,road end
idADBCE8D2-3775-49EC-85D6-00E980FEA9E8,521758.9688,249537.9063,road end
id7F7D5010-9555-4E54-810C-34408ADE5F81,506893.0,164926.0,junction
idC833E382-49A6-4540-BEC7-7E60FB6848F7,410149.625,853680.0625,junction
id8627E31D-5A56-4E89-A1D8-DDE15F170A99,393209.0,323037.0,junction
id96F8523C-0369-46F7-8BB4-B9761B9E8564,573882.4375,149923.4063,road end
idC4A4707B-D07E-4B6D-8A55-7F84DBD9A033,201743.9375,839519.5,junction
id7FAF5390-4BB9-4B0F-8710-11D2572D0917,281409.7813,53524.07031,junction
id09451111-6912-4C24-8DFC-1FB912627FD8,443044.0,518611.0,junction
id843769AC-F702-4893-BBB8-9428CC8626B3,481489.4688,507035.3438,junction
idF25EE503-94EC-4AE1-A2D1-76FAD555B484,269801.8125,855444.8125,junction
id64E9AB2C-BE53-4BB4-93DA-91A0BF87C197,332502.0,109474.0,junction
idD49D0C6F-E9AC-46AF-9251-07935CE3203D,311804.0,687821.0,junction
id17BAE2A6-D044-4997-912E-97899C6CF167,244338.0,636420.875,road end
idBC32FBBF-4384-4981-89CF-3D0F8F65CC26,242839.6094,193469.8438,junction
id576338F7-B8BC-4776-AA5E-5F42F19B3655,569908.6875,203130.8125,junction
id5F3A948D-CEC2-4864-ADAE-B760EB0DE039,258034.5625,321421.5,junction
id3ABB5522-BFE9-44F2-9430-E3CF0DA3BCE8,279296.0313,642938.25,road end
id04D63E69-D5CA-432A-811D-0038FB81F8D2,487928.1563,407516.4063,road end
idB90280AB-6826-49DC-825A-F0C0EF2E7035,338246.0,387180.0,junction
id9ED690AA-FBD8-42D5-ACE0-26C1153D7565,324133.1875,645815.5625,road end
id37F85581-28BE-4395-BE46-A3E16618C6D1,419245.0,551230.0,road end
id4ECFEDD9-45C5-4735-B97C-959AD1158D9C,382508.5313,806404.5625,junction
id07464C8B-CDBE-4B8F-AF20-7E7C181D5C16,453074.0938,345792.4063,road end
idB05982E4-123F-4A84-952B-78615E05EC11,431616.0,266752.0,junction
id0A57F383-D5EA-486E-8059-CD4A06E541C2,458820.0,418245.0,junction
id9433B4A5-645F-4731-A028-36712F829DB1,353107.5,339308.5313,junction
id5E56E58C-8811-43A6-80CC-E6486D6F05C6,570570.8125,188406.2656,pseudo node
idEEE2C8EC-121F-45E3-981D-8E694B3D3B5B,323342.5313,307265.6875,road end
id1EA345C9-C542-4FB7-B122-6108ACA37C36,496385.0,180337.0,junction
idD7C59054-2394-4CB5-8D76-112DC482A87E,278598.625,676135.25,road end
id950666A1-AD1A-4AB1-9DA0-044B20EF8EFF,452715.4688,191335.5313,junction
idFF8FBBCB-C8C8-4D46-93BA-5951DC0B5741,548026.1875,99904.78906,road end
idD3942277-5471-4A85-BFB3-73AB4137E92C,471715.1563,173393.9063,pseudo node
id4272EEDF-F223-4D84-A9F1-272818102F73,531376.0,169161.0,junction
id272E0EAB-9B55-4EA5-BA4B-3D77D39D166B,361865.7813,181981.7813,junction
id6714B056-464A-411E-9F7B-D295AF0FA04D,239339.375,681495.9375,road end
idEA5C20FC-900D-4148-91FF-5190B253453F,401273.1875,561734.5,junction
id5DAF4FC6-DFC4-4035-B9BB-1D4E45E175D7,436113.0,113491.0,junction
id6799891C-3E4D-48F7-B0F7-262F3258BDF4,347455.0,861588.0,junction
id1D37D904-B839-4760-8911-A6B5ABB8246D,196260.7344,205454.8594,junction
idE4F2C54D-8A04-4D42-BD57-972864EF2E1A,357256.625,375630.4375,junction
id59F67523-DD44-413F-B0BE-C53D40E261D1,503185.625,487959.625,junction
id68CFAC8E-6A59-4F2C-9949-408602CE20F8,390765.3125,220972.0938,junction
id118D6931-8120-4A88-95B7-B36DCD5F4E4F,413831.0,92451.0,junction
id7A4D2676-84D7-4B3E-B163-D7089A43115E,595808.25,205020.25,junction
idA200DB3F-DBB5-423C-8E15-A1C026868EF5,339005.5,972578.875,junction
id24B0CA42-D151-4381-BA75-3A40FF9B049C,436335.0,390936.0,junction
idB32E37DB-B7E1-4004-B1BC-A54CA92DECB4,545547.25,184510.1875,road end
id93344135-4296-4B48-A95B-C14EA13C2311,521463.0,166409.0,junction
id24BE4AF6-0160-4D40-BA9D-5BEBE85625D6,623430.75,329454.125,junction
id42591C28-E70C-4C54-8C0A-260332175ED2,411852.4063,562477.4375,road end
id7414C76D-5FAD-4C5A-AC92-045404F70655,351607.0313,471461.125,road end
id7E377AC7-F899-45DD-8EB0-4FD174B5A965,460452.0,300919.0,pseudo node
id5D2CDA84-CD36-418E-8308-CA3325C76717,408780.1563,434562.8125,road end
idBDA58364-C3D2-4836-8237-E0E831663064,171133.0,621798.0,junction
id562EEB04-E6A9-4AFF-BDBE-A1BDC526BCBE,576719.0,164432.0,junction
id722E06BC-FC4C-4FBE-AA27-368606218075,459623.0938,337087.1875,road end
idB091204E-9F44-40FC-8534-2E59A551CE3D,313848.0,209437.0,junction
id865AB685-F8B5-4374-A000-65E12E0ADFC0,312819.5938,227705.9375,junction
id52FC45FF-455E-4D17-A0B1-1651B73770D4,440340.0,385514.0,junction
id6D1243CA-A706-4908-BD2A-1B2EE4D0FB99,448733.0938,209488.9063,junction
idAED9F3A2-0450-43FF-9FB8-AA81F2C1F7E6,518034.875,111386.7891,pseudo node
id147B8D95-85F2-49DB-86A5-F009FDD6BCE5,452531.0625,318629.0313,junction
id3983627B-92C1-4D0A-86C4-EAE5F0C3E118,182986.0156,60963.85156,road end
id74EFD285-AADF-4CC3-B139-E51C3B3AB59E,339579.0,375098.0,junction
idC6EA1C09-4718-46F7-9B8C-807804F29B3C,371583.3125,413984.2813,road end
idDB2D8669-F5CC-4AAE-A97A-DEACA7DB52EE,334472.4375,971713.1875,junction
id876F8338-DCDC-44F9-B7DD-F4C9E8C7470D,510207.0,223259.0,road end
id94113BC9-6138-41DC-872F-8FF7BC94492A,421576.5625,567546.875,junction
idDCBBB863-90FB-48D5-86B1-553862A2CC15,270063.4063,346772.125,junction
idD5CB42A0-4804-4471-A605-B2879FF0540C,410485.2188,419827.5313,pseudo node
id82C6656E-3C2B-4EE8-A495-52E0ADB5CECA,252399.4063,198829.8125,roundabout
id58EAB427-448F-4D77-988F-41254920CB3C,513574.0,190662.0,junction
idCFF2149C-94A3-4BBE-A935-57C8880ABDF7,445884.0,440970.0,junction
idAF689F26-78CE-4E5A-94F9-3268A76D88D1,397957.0,283354.0,junction
id206B0932-CDB4-4448-AB83-F670B5AD3882,370277.0,805845.0,junction
id8B67058A-A9C3-44B6-8FC6-720CAB2C8D79,400940.4375,160069.1563,junction
id5FA6757F-CC95-4F46-A9A4-5F1DD505C415,346413.1563,834119.375,pseudo node
id4D582900-F467-4EF8-BC9E-05A266704730,433723.9375,424344.7188,road end
id88997C6C-5C03-47C1-8E8C-4093740CD3AA,514251.1563,130014.0625,road end
id8F7A8B2D-F828-40DC-8B9C-343306F2081C,346271.2813,92673.45313,road end
idF0F3D862-A95F-4817-9EEF-54E4BD810FF4,633723.3125,307683.4688,road end
id4D90F71B-4FD0-4C85-9E76-9E6D47CFD879,386302.3438,344633.125,junction
id91FCAAC1-FB93-47A9-A56F-3E5FB5C469A5,399864.0313,867313.0,road end
id7060A13B-755E-4339-9EA6-0046946AA9CC,274225.5,195692.125,junction
id208677D0-1970-4E14-A786-0D92D4AFAA62,584040.0625,212576.6094,road end
id26431A81-2BE7-493B-8FAF-EE9E287F44D7,468816.4063,110159.7813,road end
id2E2A0A6E-41A0-446B-B052-2BC884273442,317555.4688,181566.8438,junction
idE65E5B75-0104-4C49-94DD-BB58227764D3,277223.2813,881781.75,road end
idAE8A0621-EDFC-4FC9-81E5-1648D5152B72,305609.375,348268.0313,junction
idE2B15BEC-A235-469F-A08C-51F9B99B0DF2,330965.0,189570.0,junction
idABC9D730-8F36-451E-9625-628C86D07D7D,557384.0,198410.0,junction
id8A2967F0-5D50-44C2-A473-8D423BD00F39,260034.1875,193442.2031,junction
id419BBE76-E6C0-45B3-9334-9ADF7EF4BD83,486629.625,112799.2109,junction
id1C3D8392-45AC-444E-9DAD-C08C8D8A038A,500831.0938,297394.1875,junction
id00E9196C-6148-44FE-95B6-1D3781396023,442796.9063,536947.625,junction
id6576B8AA-AF3B-458D-99C2-43340956E305,298231.0,576564.0,junction
id37ABA7D5-2BC8-4E78-A994-6BDFFB26F071,413986.0,422363.0,road end
id968228C6-835C-4787-A98B-EC290C1241DF,574553.6875,174829.0469,junction
id58F2832C-DDFB-44E5-A6D9-5C9A4C4076B1,378504.3438,460960.8125,junction
id62768B20-2AF1-42C1-B770-3E4FEB998163,253741.0781,668760.625,road end
id38D7BA9A-9952-4182-BF6F-2FA566E1D029,459768.8125,192695.8125,pseudo node
id44B10F6D-E8FD-4461-9BE0-9ACD623B6FC7,457772.5,194315.9219,junction
id837A8967-5AFD-4BED-89DF-643F0C03A0E3,430326.0,328583.0,junction
idFFAEFB6A-C794-4004-B85A-B689A9E6A6C7,250324.0,58237.0,junction
id4A5A8BE5-C30E-4226-9A5E-1FB6D2A3DC97,404857.4063,278600.5938,junction
id0889806B-2686-49D1-A04B-41BCB40E4B89,478424.4688,263254.4063,road end
id77BC7078-C971-485B-A204-259CD35AF672,322673.0,676081.0,junction
id9325EAD8-D031-437D-ABF4-1F5A721B779F,444616.5,437066.4375,pseudo node
id410FA8FA-C377-4A15-B5B6-A11BBAED9ADA,371860.3438,356316.25,road end
idCF8AF50F-95DF-4CD7-96B3-3608A2EE681C,552857.0,182413.0,junction
idFF7991FE-5B5C-4FA1-AA63-27AA150D35D1,426926.875,453661.8125,junction
idF65EF53E-7435-43E8-B4F7-56D0FBC12D1A,409353.0,221345.5469,junction
idC5CB61C4-E0C8-40D1-972A-45E21FEAA802,357438.0,395132.0,junction
id291E6F1B-6430-434B-994C-4B4F284D24E5,454469.0,520761.0,junction
idFB2E193B-5AA1-41DE-A9A8-F5018124E282,390554.5313,402060.9688,junction
idB3F170A0-6711-421B-973C-B95028793DA2,228470.5938,649630.8125,junction
id40E9C440-7E04-481D-80CD-EB64240A5EF0,651263.0,303805.0,junction
id1020B07F-41BA-435E-B656-D5C2E024E304,504205.875,176305.0469,road end
id3A962145-5277-42E4-8419-CEAFE727F5EB,326276.4375,352766.2813,road end
id727ADA3C-C19C-4FF2-B5AA-B00F207D8CDE,333942.5313,269598.75,junction
id3FD9F016-23A1-45E1-BF21-D71A337805C9,318378.0,672689.0,junction
id47599B98-5C37-4AE0-AA72-84F976E6BE59,399306.8438,451649.9688,junction
id51A1DCC5-1481-4FF5-85DB-087745DD5784,526508.9375,184445.7656,road end
id096C8E69-6F6C-4F11-BDF5-CD2B1A31A6A0,425311.0625,540816.8125,road end
id142D1CFF-1BBA-4B93-806D-44AAD221C212,395759.8125,406495.8125,road end
id87C7008D-8487-4FAA-995F-A79022B142E0,438610.5313,421318.5625,road end
id01D43406-09C0-4A37-BF21-5FB90F8583CF,336455.0938,376269.3438,pseudo node
id43F51710-8B5A-4A17-A22E-21E6127889E4,395003.7188,407229.25,junction
id6D912847-8485-4EF9-A018-FF5508F1C44A,575025.0,193152.0,junction
id16E98579-324B-49B7-8A81-A4A29037BF84,253359.0,199896.0,junction
id0597AD8B-5C39-4419-ACCD-05FB9940E982,324915.0,472308.0,junction
id50930122-7295-4022-9870-3809F85E7D05,408065.375,251258.4375,junction
idB7FAEA3D-F7C6-48AB-986B-D852EB3EC86F,363607.1875,488886.5,road end
id662B05AF-49E7-4CA7-8761-CC055B9FA4A9,314855.625,359244.7188,road end
idEBCE966A-A076-4407-9087-1910070C6879,393489.0,298302.0,junction
id23D4A1E5-1D80-49AE-9588-1EFDAA4C7C42,501568.875,456545.0938,junction
id3130D1EA-6735-4165-B993-5AA556461D50,364057.1875,398272.4063,junction
id1DFC9236-F5A5-4B65-AB99-9B1BA7537A02,441734.0,121063.0,junction
id85F911D6-152F-433D-A694-684A82AE7F18,256045.0,661162.0,road end
idBBE8FCC5-2BE1-4D8D-89CC-287D114A78E9,611723.875,302685.875,junction
id9CB3AECF-5F4B-4AC1-98A1-C81C21CD4D61,309740.0,99314.0,junction
id024CAA56-BCB7-451B-AC19-AD295453C71B,386055.0,414709.0,junction
idCC4BE666-A749-49A8-8839-1B988899CDFB,338542.7188,388548.1875,junction
id43B47499-7F0B-45DE-A4AC-FA015959290E,390615.3438,395735.4063,junction
idB48290BE-3881-4637-9705-E8DC18CFE3B1,480445.0,262445.0,junction
idDEA0CEAA-6022-442B-BE8F-0E10D0BFE432,399595.0,94286.0,road end
id6DCCF86B-7374-4563-8AF6-1B0B0E7B9AF9,362491.7188,216646.7344,junction
id33EF3254-0844-48D0-9506-E83BB24F8F8B,517247.25,137506.9063,junction
id9BF0F08F-A559-4EC9-BA32-52F73F7F9525,556425.0,362204.0,junction
id6FD91F9E-EE4F-4A81-BA6B-F311B8C8C4FA,354135.0938,106587.4375,road end
id4AEC3012-BBE2-41D3-8AD5-84182CE2CDF2,483467.0313,344146.6875,road end
id9F44BE60-B5E4-497C-ACB8-090708FEA7DF,380959.625,563815.4375,road end
id4DC7BF22-7586-40A2-92A9-CA56ABE9FB04,323901.0,674522.0,junction
id345E6CDF-1DE9-46A5-9A60-D120EF47C5C4,535766.4375,177942.1875,junction
idD5CCF5F0-0B25-4AC5-9B84-4DFD33E8395E,349749.5,257959.6875,road end
id8DC29BB7-7F06-4D1D-B255-B03B811CAF13,251174.7031,658076.3125,junction
id33443DB0-630E-4671-8289-0B8D1186BB69,521310.0,369934.0,junction
id1B069F62-AD85-4180-88BF-60A0EAC0F292,626203.125,223081.0469,road end
idC7448250-E664-46C4-AE1F-5A13FA54C453,492807.6563,411808.1563,junction
id848463CA-A16C-470D-BAEE-9B231C8B6CCB,437340.0,292390.0,junction
id842B2A78-D7E1-4613-9693-64130D206937,315884.3125,177182.375,road end
idC57AB92A-B76D-4E96-9B97-7FBB493CCB93,331100.5,219768.0156,junction
idD2E4DC4E-5118-4766-8044-5ECCE77AA393,530607.625,200580.75,road end
id1227280A-BAF9-4EA7-84A0-BA93A7620CF6,171396.0156,778701.4375,junction
id8CFF8059-D8A7-44F1-88EA-1BE045F8C945,488732.0,236633.0,junction
idF3241157-EEC2-426D-A3B1-36C78535ABA7,489719.0,511423.0,junction
id89D72DE8-5CAC-4329-A1C0-E4B9821D7C3C,651122.875,294102.9688,junction
id09A6B79B-6687-44FD-B3A5-8F5EAC278FD6,519671.0,188770.0,junction
id9BFCC208-583D-4F4F-87A9-BF4A032FE606,584488.0,266370.0,junction
id8F8D5137-609E-42FC-9536-4DDA977637A6,576079.6875,163714.4531,road end
idC976018A-3C79-453F-B735-A9B060F8FC2F,301095.2188,508809.6875,junction
id976AC8A3-38F4-4BFA-9E74-E5178258B993,573385.0,169067.0,pseudo node
id20784C86-4077-4F2F-B5AF-9F93841A3CCC,404992.3125,266624.4375,road end
id565A8245-EF30-47FF-AB8E-6D5F3838AB84,316690.0938,170573.125,junction
id8DCCB414-465D-4C49-89DF-C0C08FC49C68,255305.0,655873.0,junction
id6FB361DF-C774-43B0-A2CE-7D215FD80698,511474.0,192081.0,junction
idA7732FBF-2851-46DC-83B4-1F96152D6A42,264388.375,694005.6875,road end
id5D4487BD-FF31-4E48-BA22-773AD8E8D807,392068.75,807320.8125,junction
id0AAA4CA7-B462-4C41-9D3E-7271E004F538,315680.0625,727878.625,junction
id76CB8DDF-32D9-4BC8-B802-14B4FA64DCC4,380034.9063,226761.8438,junction
idCA3FA7C5-26F6-4648-812F-2D1D48488CA9,331858.0,842348.0,junction
id047930CC-E221-40B5-9B73-67B728694447,406688.0313,289816.7813,road end
id96EFE423-691D-4AE3-804B-2A0078B85C36,520802.0,192597.0,junction
id57A34AE5-90AE-493E-837A-577FE69A256B,422211.9688,416120.1563,junction
id908CC2B0-DB0A-4EF6-8FA9-EB131DED155C,522878.375,231000.5469,road end
id49B32C16-500B-4A5F-AF7F-EA289F879682,236873.875,821014.8125,junction
id08078C17-A233-4730-8E4B-48512242288A,295779.0,120228.0,junction
idF5FCE451-1A5B-4579-BAD4-FFD3D162114E,460974.9688,101680.0234,road end
idB270436F-38C4-40AA-84DA-B8A3501B369E,355431.5313,816145.9375,road end
idF204D509-C0AE-4758-BCFA-1018D3BAA0ED,532792.125,259324.4219,road end
id6D73E82C-CAC3-426F-A97E-68C83387E74F,387613.0,130309.0,junction
id17B2FF71-B84E-4309-882B-C39F68827380,555972.1875,186585.9844,road end
id7D6F0AAE-24E3-44EF-8C9A-EA5FD1BC7417,369184.0,354886.0,junction
idECC52853-E42C-4F98-B673-48EB743CD667,438736.625,551319.5,junction
idE6ECEECF-B270-43F5-ACE3-9FCEDFB715C3,323724.0,961898.0,junction
id85CFF350-3B78-4E25-940D-81FC49A2A7A3,316578.8125,175236.3438,junction
id55BACD49-15ED-450A-8298-C34984F5041D,280358.0938,184723.0,road end
id49F7125C-2076-4B9A-AF73-5DC1132D6FB6,598076.0,312727.0,junction
id5CFC954E-E948-4AC3-B26E-1B1A983D7E71,516824.7188,204075.0,roundabout
id5387826B-F879-4168-8313-6B775BE7D95B,421999.4688,436545.1563,roundabout
id68B87810-8C85-49A7-A808-7996FBC7ABB0,314378.25,194487.125,junction
id3B4F6D5E-A5B5-445A-8B94-BDEB1997B450,235960.0,71103.0,junction
id00E1F67C-2FC9-43FD-A5CA-A73101BC9BE5,301637.0,106677.0,junction
id960B7309-8C50-4549-BE47-38CEB245C4E0,461749.6875,340181.5938,junction
id3DC2DC87-1308-4E3D-AA14-8ED6B4EF05DD,541248.0,291955.0,junction
idA1F889BF-BCA4-4D7E-8E51-C56AA42C6EF2,341177.9688,391710.2813,road end
id38EF6E05-E94A-4B2A-A71A-361E1AE981CF,530161.0,180406.0,pseudo node
id1594BCF8-E555-48C1-A8C9-F5A688F04115,366983.4375,774983.25,junction
idCA31589D-840F-4AB3-9F6A-004B7A067A21,287998.0,693323.0,junction
id7163CC9D-1325-436E-B70C-51F62C69C2C9,285747.25,683857.8125,junction
id282122E8-3295-42AE-B1A2-16AEE7E623BA,306855.25,666348.9375,junction
idF629E5F8-BDA7-4F48-AE74-B4973F275161,435492.5,233585.875,junction
