age,sex,county,lat,long,name
3,f,REDCAR AND CLEVELAND,54.55760584,-1.002576858,MATILDA
49,f,NORTH YORKSHIRE,54.23558729,-1.753335136,OCTAVIA
10,f,BIRMINGHAM,52.48905545,-2.040482712,ELLA
40,m,"BRISTOL, CITY OF",51.44630035,-2.617561155,DANIEL
85,m,LANCASHIRE,53.8013249,-2.287125282,EDEN
54,f,SWINDON,51.56430749,-1.71297411,LEXI
59,f,"BRISTOL, CITY OF",51.43808043,-2.637234045,IMAAN
62,f,SHEFFIELD,53.40138278,-1.521994964,POPPY
27,m,WILTSHIRE,51.48491576,-1.824325271,CHARLIE
3,m,LEICESTERSHIRE,52.49864796,-1.351020961,AARON
18,m,LUTON,51.89154915,-0.470158423,RONNIE
63,m,DORSET,50.73680395,-2.920745215,RIO
24,m,ESSEX,51.76749252,0.381638668,CASPIAN
19,f,KINGSTON UPON THAMES,51.39400253,-0.299147597,POPPY
60,f,LANCASHIRE,53.88191835,-2.622051665,MILLIE-GRACE
1,f,DONCASTER,53.61128752,-1.099506824,LUCIA
35,m,TAMESIDE,53.45315312,-2.077750935,ALI
27,m,DEVON,50.71158875,-3.560058385,JAMES
5,m,ENFIELD,51.62451243,-0.133655113,VINCENT
49,f,"KINGSTON UPON HULL, CITY OF",53.76374416,-0.27746314,AMELIA-MAI
70,f,WIRRAL,53.31100321,-3.096245484,FELICITY
72,m,GREENWICH,51.48333418,0.049001923,JOSEF
60,f,"BRISTOL, CITY OF",51.4461861,-2.581740652,ISABELLA
21,m,BARNET,51.6298278,-0.177839212,REHAN
54,f,OLDHAM,53.55214249,-2.015009758,EMILY
2,m,HARINGEY,51.60105051,-0.105706283,MATTEO
7,m,BARNET,51.67330663,-0.218771572,YAHYA
57,m,MANCHESTER,53.51112289,-2.210339169,ELIJAH
62,f,EAST SUSSEX,51.02487384,0.571668688,LILY-ROSE
58,f,WEST SUSSEX,50.84095225,-0.759155879,ROSIE
48,f,SOMERSET,51.2804157,-3.461131689,RAINA
76,f,BROMLEY,51.36732814,0.024588264,LEYLA
70,m,HERTFORDSHIRE,51.90007025,-0.716509182,OSCAR
46,f,SUFFOLK,52.28410694,1.25612578,GRACE
6,m,DEVON,50.82714905,-4.352488779,OSCAR
15,m,BRADFORD,53.7787877,-1.943318739,FLETCHER
53,f,STOKE-ON-TRENT,52.99320223,-2.128571444,EVELYN
63,f,STOCKTON-ON-TEES,54.56809226,-1.304559197,PHOEBE
46,f,HERTFORDSHIRE,51.835806,-0.627492233,ALYSSA
43,f,BUCKINGHAMSHIRE,51.62418349,-0.247428889,KALISE
34,m,WESTMINSTER,51.49514411,-0.10773139,JEREMY
39,m,KENT,51.0796809,0.755905076,HARRY
83,f,SOUTH GLOUCESTERSHIRE,51.48605185,-2.430490381,DINA
58,m,BRIDGEND,51.50162531,-3.602833296,JAMES
57,m,LAMBETH,51.45670794,-0.108885831,HARRISON
50,m,NEWHAM,51.54747842,0.000717843,JACOB
66,m,CALDERDALE,53.69656124,-1.983399438,JAMES
26,f,YORK,54.0098629,-1.149583745,ALICE
12,f,GLOUCESTERSHIRE,51.83501951,-2.086199911,ELLIE
10,f,NOTTINGHAMSHIRE,53.16078568,-0.513453855,LEXI
12,m,BEXLEY,51.46353955,0.142225168,RORY
58,m,CUMBRIA,54.86022023,-2.496739371,OMRAN
49,f,CORNWALL,50.4144657,-4.3653458,ALICE
37,f,DERBYSHIRE,53.31500941,-1.006707251,SADIE
82,f,DUDLEY,52.51397563,-2.136567841,LILLY-MAI
3,m,SEFTON,53.51046092,-2.989251534,RIVER
41,m,HAMMERSMITH AND FULHAM,51.49035152,-0.227445712,EDWARD
40,m,BRIGHTON AND HOVE,50.84696219,-0.075830416,KAYLEM
40,f,NOTTINGHAM,52.99417375,-1.131025362,NICOLE
38,m,OXFORDSHIRE,51.6379146,-1.102275004,BODHI
53,m,GLOUCESTERSHIRE,51.9022243,-2.203355643,HENRIK
49,m,KENT,51.30316342,1.17738197,DANIEL
23,m,BIRMINGHAM,52.46816531,-1.806099323,ELLIS
65,m,BLACKBURN WITH DARWEN,53.67452806,-2.483572025,ADRIAN
28,f,ESSEX,51.82694592,-0.337959892,EVIE
4,m,EALING,51.49138873,-0.294882657,LUCAS
83,m,BUCKINGHAMSHIRE,51.63565757,-0.877041094,HARRISON
0,f,BATH AND NORTH EAST SOMERSET,51.34329288,-2.502763023,GRACIE
62,m,SUTTON,51.35680362,-0.184435476,JACOB
73,f,BRIDGEND,51.53662255,-3.672613176,POPPY
65,m,NORTHAMPTONSHIRE,52.17053117,-0.299857919,YAMAN
60,m,SURREY,51.32850257,0.016593382,HARRY
19,f,NORFOLK,52.67382079,0.895421048,EMILY
76,f,HAMPSHIRE,50.7416241,-1.216961981,ESME-ROSE
66,f,LEEDS,53.78839699,-1.708111649,ZARAH
11,f,HERTFORDSHIRE,51.66457585,-0.124480044,FATIMA
33,m,HAMMERSMITH AND FULHAM,51.48209542,-0.215323951,ZACK
66,f,ESSEX,51.53011777,0.446990192,AVNI
84,m,ESSEX,51.65574467,0.603858935,DYLAN
31,f,HARINGEY,51.58393005,-0.110409981,NORAH
0,m,HERTFORDSHIRE,51.64165798,-0.191615266,DAMILOLA
15,f,DEVON,50.74626514,-2.764840133,HAWA
20,f,SURREY,51.18017997,-0.334551944,LEELA-ROSE
44,f,LIVERPOOL,53.43742391,-2.881237087,AMARAH
50,f,NOTTINGHAM,52.91749275,-1.09974365,TIANNA
24,m,WORCESTERSHIRE,52.18060347,-2.18088307,JAKE
42,m,SHEFFIELD,53.35318301,-1.471301995,JOHN
63,f,NORTHAMPTONSHIRE,52.45987941,-0.867370081,CHARLOTTE
21,m,BLACKPOOL,53.81331236,-3.009669873,EVAN
10,f,KINGSTON UPON THAMES,51.39736891,-0.312652113,ALICE
26,m,HAMPSHIRE,51.18448689,-1.212507802,LANDEN
48,m,HERTFORDSHIRE,51.72801863,-0.144256688,BILLY
2,f,SOMERSET,51.15988834,-2.917020031,MARIA
5,m,ENFIELD,51.65499266,-0.111461053,THEO
54,f,WORCESTERSHIRE,52.13250892,-2.387450479,FRANKIE
6,m,SUFFOLK,52.10535742,1.397983139,MILAN
33,f,BUCKINGHAMSHIRE,51.74909285,-1.137630813,AISHA
37,f,BRENT,51.56766096,-0.286696247,JULIET
11,m,WEST BERKSHIRE,51.45484365,-1.071592911,JACOB
72,m,BARNSLEY,53.54622581,-1.644109609,JESSE
9,f,HAMPSHIRE,51.3058432,-1.138226865,SARA
29,m,BOLTON,53.52778353,-2.497611546,DAVID
49,f,NOTTINGHAMSHIRE,53.16105508,-1.165201534,AOIFE
36,m,TOWER HAMLETS,51.51410494,-0.034339968,MOHAMMAD
57,m,MILTON KEYNES,52.12235883,-0.613896394,KAMRON
2,f,GWYNEDD,52.71267015,-3.486293288,ROSE
19,m,MANCHESTER,53.49790961,-2.230471685,JOSEPH
55,f,ENFIELD,51.67322539,0.004730738,OLIWIA
35,f,CALDERDALE,53.7845812,-1.953637088,JESSICA
53,m,HILLINGDON,51.58982248,-0.422020646,ALFIE
12,m,CROYDON,51.35385859,-0.104166646,OAKLEY
82,f,HARINGEY,51.5986397,-0.079542626,MILA
64,f,LAMBETH,51.48280105,-0.130139341,CAITLIN
55,f,CHESHIRE WEST AND CHESTER,53.1813078,-2.745768505,PHOEBE
59,f,VALE OF GLAMORGAN,51.48958836,-3.56315861,PAIGE
35,f,LEEDS,53.790025,-1.628715286,MILANA
71,f,BIRMINGHAM,52.53055211,-1.82065229,HARPER
80,f,BARKING AND DAGENHAM,51.53678358,0.099658178,FRANKIE
25,f,BARNET,51.58708283,-0.247066853,AMELIE
17,f,SHEFFIELD,53.52976716,-1.434753267,LAURENA
72,m,COUNTY DURHAM,54.77237331,-1.737431504,RAFAEL
48,f,WORCESTERSHIRE,52.20911951,-2.212573036,GENEVIEVE
9,m,COVENTRY,52.38485191,-1.615236221,DEXTER
53,f,LUTON,51.91252026,-0.426172155,LEELA
63,f,WARRINGTON,53.42203723,-2.585876971,LARISA
15,m,BIRMINGHAM,52.38858171,-2.015473869,KAZIMIERZ
71,m,SALFORD,53.47877442,-2.393549203,OLIVER
9,f,LEWISHAM,51.45879487,-0.006284779,CARA
61,f,WIGAN,53.5082707,-2.598063771,SIENNA
27,m,COVENTRY,52.43687427,-1.529934129,HECTOR
51,m,NORFOLK,52.5052071,1.435758689,FRANKIE
54,m,DERBYSHIRE,53.07828123,-1.769585319,ALFIE-JAY
30,m,SUFFOLK,52.4946773,1.063067476,LEO
60,m,BRENT,51.54426227,-0.291181569,ZAYN
8,m,NORTH YORKSHIRE,54.0592992,-1.933584043,RYAN
15,f,WESTMINSTER,51.51278058,-0.168831972,FRANCESCA
24,m,MANCHESTER,53.44240744,-2.261670531,ASHER
22,m,MERTON,51.4296191,-0.217215316,LUKE
42,m,WREXHAM,52.86506141,-2.965113207,LEON
80,m,STOKE-ON-TRENT,53.00524669,-2.152678276,GEORGE
65,f,LEICESTERSHIRE,52.73426351,-1.581985027,MAHNOOR
82,m,GWYNEDD,52.97972844,-3.927588729,DONALD
87,m,EALING,51.53375759,-0.353390571,ZAKARIYA
68,f,DERBY,52.95354296,-1.465364265,LOUISE
66,f,KENT,51.12102832,0.912928552,JAZZ
31,f,SUFFOLK,52.36996983,0.958361293,LACEY
31,f,BRENT,51.58257931,-0.308936069,ANISHA
86,m,CONWY,53.23018145,-3.63423748,HARRY
71,m,ESSEX,51.65477375,0.903622699,THOMAS
56,f,MANCHESTER,53.48069723,-2.257098804,DAISY
32,f,KIRKLEES,53.68645321,-1.755486004,BETTY
11,f,BUCKINGHAMSHIRE,51.48925391,-0.771396062,POPPY
48,m,HERTFORDSHIRE,51.91868569,-0.508273193,KOLBY
59,f,ROCHDALE,53.56396162,-2.118990133,ROSIE
71,m,GLOUCESTERSHIRE,51.81780612,-2.391692125,MATTEO
12,f,BRENT,51.5677739,-0.325851461,AURORA
60,f,NEWCASTLE UPON TYNE,55.08582619,-1.536258761,FELICITY
62,m,LEICESTERSHIRE,52.63418543,-1.27731778,FINN
70,f,PLYMOUTH,50.40904308,-4.102624101,IMOGEN
10,f,WANDSWORTH,51.47622597,-0.131069899,AVA
58,m,TOWER HAMLETS,51.51546452,-0.06549383,ETHAN
76,m,HAMPSHIRE,50.98754128,-0.604023294,VIKRAM
53,m,WALTHAM FOREST,51.55932362,-0.006353466,PRABHVEER
53,m,DERBY,52.94742591,-1.453771821,LOUIE
24,f,GLOUCESTERSHIRE,51.71463975,-2.319573241,RUBY
25,m,KIRKLEES,53.61633096,-1.829621346,EDGAR
32,f,SHROPSHIRE,52.51703759,-2.481573539,MADDISON
74,f,"BRISTOL, CITY OF",51.41085981,-2.620920718,SCARLETT
46,f,CROYDON,51.3785154,-0.124428283,MARIA
52,m,ESSEX,51.68463218,1.219515959,ZACHARY
30,m,COVENTRY,52.43322433,-1.544321902,THOMAS
40,m,SANDWELL,52.52389626,-1.981299808,BLAKE
35,f,EAST RIDING OF YORKSHIRE,53.75314164,-0.683206633,HELENA
14,m,BEDFORD,52.25527913,-0.541891298,NOAH
47,f,CAMBRIDGESHIRE,52.0044643,-0.024430559,EVELYN
61,f,LEICESTERSHIRE,52.70134911,-1.332439127,CHARLOTTE
45,m,RICHMOND UPON THAMES,51.41163776,-0.324732328,HAYDEN
29,m,THURROCK,51.54543355,0.38930814,ASH
51,m,LEEDS,53.74946003,-1.537723133,STEVEN
18,m,BRIGHTON AND HOVE,50.81089653,-0.11078273,ALEXANDER
36,m,NORTH SOMERSET,51.40638527,-2.604437176,LOGAN
5,f,BROMLEY,51.38217829,0.002846329,SKYLAR-RAE
78,m,CORNWALL,50.21742548,-4.858921941,TOBY
45,m,SURREY,51.14660898,-0.303419976,ERIKAS
29,m,BRIGHTON AND HOVE,50.84413108,-0.07571348,SRI
16,f,KENT,51.09154811,1.27640003,MAIRA
29,m,CAMDEN,51.52039361,-0.155915422,DANIEL
85,m,WORCESTERSHIRE,52.41055883,-2.021963695,ALYAAN
57,m,GREENWICH,51.4714663,0.101005852,ALFRED
19,m,DEVON,50.58895662,-2.563055717,COLIN
27,f,LANCASHIRE,53.8543037,-2.797989434,NANA
63,m,WARWICKSHIRE,52.39002479,-1.75864038,ALFIE
51,m,ESSEX,51.89542577,1.007311486,RONNIE
20,m,LANCASHIRE,53.94573066,-3.008687143,JACOB
42,f,WESTMINSTER,51.50813449,-0.13782467,HOLLY
20,f,HAMPSHIRE,51.16396124,-1.101915342,HARPER
81,f,SALFORD,53.56381335,-2.357336802,KHAIRA
85,m,SUNDERLAND,54.86261992,-1.438829986,DENISLAV
9,m,HAMPSHIRE,50.89731146,-1.387060696,FRANKIE
1,m,WEST BERKSHIRE,51.37653738,-1.300505175,COLIN
27,m,BRIGHTON AND HOVE,50.86716178,-0.245687948,HENRY
30,f,CUMBRIA,54.65553406,-3.356815891,ZOHA
23,f,BARKING AND DAGENHAM,51.56176492,0.075318189,ISLA
6,f,KNOWSLEY,53.45974403,-2.841330366,LEAH
67,m,HARROW,51.58597157,-0.331378705,EZRA
31,m,WANDSWORTH,51.44615673,-0.144710669,ALI
26,m,HILLINGDON,51.52567793,-0.437170209,WOODY
56,m,ROTHERHAM,53.42976423,-1.398041359,HARRY
11,f,MILTON KEYNES,52.15184545,-0.485034373,ALEXIS
26,f,KNOWSLEY,53.43006441,-2.893705557,SOFIA-MARIE
70,m,WIGAN,53.5435084,-2.675027269,HARRY
57,m,WOLVERHAMPTON,52.59624392,-2.158857825,FELIX
81,f,WANDSWORTH,51.46144013,-0.270789315,ELIZA-MAY
8,f,LANCASHIRE,54.04894978,-2.316405538,MILLIE
34,f,HAVERING,51.51831291,0.282878755,ALISHBA
31,f,CHESHIRE WEST AND CHESTER,53.16492232,-2.888407472,ZIGGY
19,m,KIRKLEES,53.59187767,-1.763006158,SYED
15,f,SOUTHWARK,51.46065784,-0.116118181,KLARA
79,f,KIRKLEES,53.58185249,-1.972071378,ISLA
22,f,BRADFORD,53.80373298,-1.777420995,FREYA
64,f,WILTSHIRE,51.54852424,-1.550076889,MAISIE
61,m,POWYS,52.53551906,-3.266462574,JACOB
25,m,KENT,51.22718032,1.039156778,KYLE
18,m,RICHMOND UPON THAMES,51.42846282,-0.253132893,GEORGE
69,f,REDCAR AND CLEVELAND,54.58758911,-1.021109523,JESSICA
45,f,SEFTON,53.47780704,-3.019961355,ELSIE
65,m,WIRRAL,53.39689259,-3.061379734,ISAAC
63,m,"BRISTOL, CITY OF",51.50335816,-2.576288774,WADE
48,m,SWANSEA,51.62435391,-4.013674368,HASNAIN
46,m,RICHMOND UPON THAMES,51.44602979,-0.295502459,TYLER
50,f,NORFOLK,52.88058148,0.916786696,UMAYAH
70,m,SUNDERLAND,54.88600529,-1.58228187,ZARIYAN
26,f,BEDFORD,52.24462685,-0.366890123,DAISY
63,f,MERTON,51.44172753,-0.170444632,LILLY-MAY
6,m,ENFIELD,51.64736826,-0.027998643,MUAYID
3,m,LANCASHIRE,53.9000454,-2.859478356,THOMAS
18,m,WORCESTERSHIRE,52.20153205,-1.921891797,ISAAC
63,m,WAKEFIELD,53.63889507,-1.464824879,CHARLIE
33,f,ST. HELENS,53.458233,-2.647503758,ANNABELLE
17,m,KENSINGTON AND CHELSEA,51.49507699,-0.169212997,JOSHUA
2,f,SOLIHULL,52.47415655,-1.769464017,ISABELLA
55,m,NORTH TYNESIDE,54.9840168,-1.538669722,BLAKE
90,f,LINCOLNSHIRE,53.02773394,-0.941452917,ZUZANNA
28,f,CALDERDALE,53.69975487,-1.970354603,ANNABEL
24,m,TRAFFORD,53.41694138,-2.378473223,CODY
64,m,SUFFOLK,52.44907033,1.430391586,LOGAN
30,f,DORSET,51.15765338,-2.369418118,FLO
24,m,LUTON,51.84513035,-0.402059438,THEODORE
58,f,SURREY,51.30098834,-0.146175073,RILEY
38,m,HILLINGDON,51.5315096,-0.434658974,LOUIS
19,m,SANDWELL,52.47734907,-2.035465663,ADAM
31,f,HAMPSHIRE,50.91137952,-1.481099023,SCARLET
59,f,ESSEX,51.69935239,0.726731141,IMAAN
62,f,LANCASHIRE,53.60050899,-2.262647571,MIA
74,m,LANCASHIRE,53.86788192,-2.393264635,ELIJAH
29,m,THURROCK,51.52864743,0.345714411,HENRY
38,f,OLDHAM,53.61816059,-2.138835785,LEXIE-MAE
30,f,HAVERING,51.56424437,0.120292188,GRACE
18,m,LEWISHAM,51.4630043,0.041404378,JESSE
33,m,KENT,51.06613023,0.663165991,JAKE
22,f,CAMBRIDGESHIRE,52.3053581,-0.279288747,LUCY
8,m,COUNTY DURHAM,54.67912725,-1.849416173,LOUIE
29,f,NORTH SOMERSET,51.49657478,-2.856039061,CARIAD
39,f,LEEDS,53.81302591,-1.37088362,DAISY
61,m,TOWER HAMLETS,51.49309804,-0.022130774,JOSHUA
55,m,SHROPSHIRE,52.57698252,-2.828615915,JACK
30,m,HAMPSHIRE,50.98905515,-1.751187586,DANIYAAL
21,m,HOUNSLOW,51.45593734,-0.361723185,TIMOTHY
31,m,WESTMINSTER,51.52617321,-0.125358698,JOHN
41,f,LEICESTERSHIRE,52.85145217,-1.141031939,CECI
33,f,NORTH SOMERSET,51.42326391,-2.625349375,ARIANNA
10,f,STAFFORDSHIRE,52.97025966,-2.00902226,ESMAE
7,m,CHESHIRE WEST AND CHESTER,53.080632,-2.752592362,ISMAIL
18,f,LEICESTER,52.62685842,-1.179101899,MIA
0,m,CALDERDALE,53.7765967,-1.914622752,LUKAS
56,f,SUTTON,51.36937641,-0.199232638,MATILDA
0,m,CORNWALL,50.2634917,-5.076800286,JAMIE
7,f,STOCKPORT,53.43812912,-2.143406242,PIPPA
9,f,SURREY,51.11193878,-0.251642992,BLUEBELL
57,f,LAMBETH,51.47988158,-0.149528557,SOFIA
24,m,BARNSLEY,53.50468569,-1.556922457,COLE
27,m,SOUTHEND-ON-SEA,51.52716442,0.669431619,OSCAR
7,m,KENT,51.3672206,0.302202369,YAHYA
3,f,LEEDS,53.83192119,-1.89893127,HAFSA
58,f,WILTSHIRE,51.17702686,-1.825889551,MINNIE
45,m,MILTON KEYNES,51.98272282,-0.688049076,SETH
1,f,ESSEX,51.71534191,1.213294719,CHARLOTTE
61,f,STAFFORDSHIRE,53.00627682,-1.947352165,ZUZANNA
55,f,BARNET,51.64080456,-0.18790329,ANAIS
50,f,KENT,51.2231194,1.005412492,EMELIA
37,m,HAMPSHIRE,50.7487873,-1.373965805,MAX
8,f,MERTHYR TYDFIL,51.73376221,-3.370346996,EVELYN
3,f,LEICESTER,52.63961826,-1.084411292,JULIETTE
26,m,RUTLAND,52.71361873,-0.648535857,FURKAN
74,m,NORFOLK,52.48233058,1.258940895,ALEXANDER
7,m,OXFORDSHIRE,51.81505354,-1.769692459,REGGIE
50,f,TELFORD AND WREKIN,52.73485338,-2.563453694,ISABELLE
65,f,PORTSMOUTH,50.82366377,-1.103749132,LILLY
84,f,OXFORDSHIRE,51.56409776,-1.526760211,THEA
81,f,KINGSTON UPON THAMES,51.38460697,-0.327780276,INAYAH
29,f,SOMERSET,50.82761183,-3.490908612,LOLA
85,f,CHESHIRE EAST,53.17598272,-1.828447238,ELOISE
55,m,SOMERSET,50.80605946,-4.004537365,DALLAS
37,m,SOUTHWARK,51.4624324,-0.068571488,MAYANK
42,f,KIRKLEES,53.63909841,-1.758873509,ISABELLA
15,f,HAMPSHIRE,51.13308194,-0.601876638,HANNAH
81,m,MANCHESTER,53.47521626,-2.106561029,THOMAS
81,m,WEST SUSSEX,51.19424407,-0.684193311,GEORGE
73,f,ROTHERHAM,53.37418869,-1.309158441,SCARLETT
2,m,ENFIELD,51.66771725,-0.092912066,ISAAC
30,m,CAMBRIDGESHIRE,52.15040935,-0.238824189,ARLO
73,m,LEICESTERSHIRE,52.72286175,-1.030153082,SAMUEL
13,m,NORTHAMPTONSHIRE,52.39530721,-0.704835783,YASIR
67,f,WEST SUSSEX,50.93482326,-0.479908057,DANIELLA
19,m,SANDWELL,52.53532342,-2.050966677,LUKE
40,m,DONCASTER,53.61615975,-1.145557494,JUNIOR
45,f,TOWER HAMLETS,51.49873287,0.004787587,SYLVIA
0,f,LIVERPOOL,53.41866287,-2.977212272,AISHA
70,f,SALFORD,53.44710803,-2.301200385,BELLA
75,f,WEST SUSSEX,51.09557102,-0.987192751,ROSIE
61,f,OXFORDSHIRE,51.84504911,-1.354978103,WILLOW
60,m,NOTTINGHAMSHIRE,53.28962918,-1.686904968,MAX
79,f,SOUTH TYNESIDE,54.96113968,-1.413138286,NAJMA
12,m,KENT,51.50592312,0.257421482,ISAAC
46,m,BARKING AND DAGENHAM,51.54202681,0.078416321,NATHAN
68,f,NORTH YORKSHIRE,53.84199849,-1.244981588,JEMIMA
76,f,KENT,51.12166221,0.302868383,CHLOE
35,f,HACKNEY,51.55215456,-0.069305521,SCARLETT
13,m,GLOUCESTERSHIRE,51.51991807,-2.169366873,HARRY
24,f,THURROCK,51.60129828,0.314766542,FREYA
1,m,LANCASHIRE,53.88359502,-2.715951682,KOLBY
13,m,COUNTY DURHAM,54.5586665,-2.093340238,MACIEJ
38,m,BRENT,51.53458518,-0.287456547,GRAYSON
14,f,NOTTINGHAMSHIRE,53.0096389,-1.008855854,AUBRIE
77,m,ESSEX,51.80103998,0.536507839,MUHAMMAD
43,f,NEWHAM,51.54574275,0.076650707,ANNABELLA
43,f,NOTTINGHAM,52.9224975,-1.169840463,JANNAH
78,m,CHESHIRE WEST AND CHESTER,53.08362007,-2.841957751,KRUZ
41,f,NORTH LINCOLNSHIRE,53.5722406,-0.220243716,DARCY-MAE
1,f,NOTTINGHAMSHIRE,52.84231881,-0.795722147,EVIE
57,m,PETERBOROUGH,52.6109225,-0.152380171,HENRY
26,m,WILTSHIRE,51.67135719,-1.743701419,AMAAN
75,m,LEEDS,53.86621322,-1.469940362,SUFYAN
44,f,DORSET,50.96802745,-2.482096961,JASMIN
73,f,LANCASHIRE,53.85208294,-2.688519278,SILVIA
14,m,NORTH YORKSHIRE,54.20789329,-1.376511152,KAI
37,f,SURREY,51.46018895,-0.247068607,ALEXANDRIA
54,m,OXFORDSHIRE,51.72826908,-1.243372189,JAKE
73,f,RICHMOND UPON THAMES,51.44685943,-0.39103665,ALANA
9,m,MILTON KEYNES,52.09673194,-0.722551583,BRYCE
59,m,BIRMINGHAM,52.60184784,-1.857970739,TIMOTHY
29,m,SHEFFIELD,53.45886936,-1.389346772,WOLFE
57,f,BOLTON,53.61036855,-2.532378898,ROSE
7,m,SLOUGH,51.49758391,-0.573372961,ZAIN-UL-ABIDEEN
4,f,HAMPSHIRE,51.20978763,-1.061496753,ISLA
23,f,"BRISTOL, CITY OF",51.46672859,-2.591838008,MUNA
40,f,WOLVERHAMPTON,52.59152094,-2.116909818,NICO
16,f,SALFORD,53.44347168,-2.431825723,RAYAAN
4,m,KENT,51.13388281,0.344243388,HARRISON
32,m,PORTSMOUTH,50.77656576,-1.108648952,JOSEPH
42,f,DEVON,50.51040122,-3.914349873,JULIA
2,m,POWYS,52.65938588,-3.496227155,OSCAR
59,m,WEST SUSSEX,51.06133343,-0.559018834,CHESTER
16,m,CROYDON,51.35608725,-0.114003042,WILLIAM
1,m,KIRKLEES,53.59745125,-1.738512349,GEORGE
7,f,WILTSHIRE,51.29641825,-2.050193017,OTTILIE
76,m,WIGAN,53.54312597,-2.540499264,AARAN
4,m,BIRMINGHAM,52.45199427,-1.874740082,JAMAAL
0,m,KINGSTON UPON THAMES,51.40958792,-0.260602098,JACK
10,m,CAMBRIDGESHIRE,52.20205295,-0.120391272,FELIX
63,f,WIRRAL,53.40430226,-3.006781887,LOUISE
39,f,BEDFORD,52.22108956,-0.475886905,ANJALI
19,m,LANCASHIRE,53.8509235,-2.086900391,ABDOU
46,f,MANCHESTER,53.50918501,-2.282015292,PHOEBE
2,f,SOUTH GLOUCESTERSHIRE,51.55178558,-2.700536231,FLORENCE
58,m,OXFORDSHIRE,51.41439557,-1.170098364,JOSEPH
48,m,MANCHESTER,53.49639924,-2.235311587,FREDDY
6,m,DERBYSHIRE,53.03174694,-1.462014154,DAWUD
25,f,BRIGHTON AND HOVE,50.84237686,-0.064677742,ISABELLA
55,m,SUFFOLK,52.28053761,1.423543044,HARRY
34,m,LAMBETH,51.43591016,-0.101420691,RAYYAN
20,f,LIVERPOOL,53.40843669,-2.94008122,ANNABEL
57,m,HOUNSLOW,51.45702584,-0.385295155,MOHAMED
29,f,BARKING AND DAGENHAM,51.57570756,0.081442776,LISA
67,m,STAFFORDSHIRE,52.84456402,-2.057629862,HARRY
7,m,GREENWICH,51.46836775,0.16557265,MICHEAL
87,f,HAVERING,51.58560294,0.200609864,HANNAH
67,m,LINCOLNSHIRE,53.33934023,-0.840605756,LUKE
60,f,SURREY,51.33909933,-0.311495475,IZMA
3,f,TOWER HAMLETS,51.52738656,-0.051042454,EMILY
5,f,HERTFORDSHIRE,51.69727341,-0.258380153,OLIVIA
66,m,CUMBRIA,54.27463627,-2.010523748,MONTGOMERY
63,m,CAMDEN,51.52882048,-0.15340518,REUBEN
18,f,EAST RIDING OF YORKSHIRE,53.65216336,-1.113900622,ELODIE
21,f,DEVON,50.83776861,-3.693047191,LILLY
38,f,REDBRIDGE,51.57973367,0.074559538,EMILIE
4,f,ESSEX,51.7997765,0.216935182,AMELIA
30,m,SOUTHAMPTON,50.88999344,-1.373173981,RAYAN
28,f,CAMBRIDGESHIRE,52.48264475,0.252889314,MILLIE
15,m,REDCAR AND CLEVELAND,54.54148089,-0.961765199,HARVEY
81,f,"KINGSTON UPON HULL, CITY OF",53.78892023,-0.226602271,AVA
7,f,BUCKINGHAMSHIRE,51.74796263,-0.812573172,MILLIE
21,f,KIRKLEES,53.64527627,-1.906929376,SEREN
31,m,COVENTRY,52.51147846,-1.536007393,MATAS
34,m,NOTTINGHAMSHIRE,52.92609605,-0.953015188,OSKAR
78,f,NOTTINGHAMSHIRE,53.20901002,-0.97893102,LOLA
66,f,NORTH LINCOLNSHIRE,53.4540757,-0.622314147,MAISIE
68,f,KENT,50.87109854,1.335894449,MIA
41,m,NEATH PORT TALBOT,51.64492866,-3.757234053,GEORGE
56,m,HAMPSHIRE,50.76070423,-1.013539172,MUBARAK
54,f,SUNDERLAND,54.8544674,-1.439594699,ISLA
61,f,STAFFORDSHIRE,52.93824808,-2.167541776,FELICITY
65,f,KNOWSLEY,53.46251353,-2.872225451,AMBER
61,m,"BRISTOL, CITY OF",51.53091623,-2.521101815,SAXON
5,m,LANCASHIRE,53.95553993,-2.457629993,HARRY
42,m,ESSEX,51.64901104,1.185460799,FREDDIE
25,m,LIVERPOOL,53.43146425,-2.819273035,ESA
66,m,CORNWALL,50.12600736,-4.540148857,JOEY
12,f,BRIDGEND,51.63928614,-3.717354195,PHOEBE
28,f,LIVERPOOL,53.36883687,-2.923868574,GEORGIA
52,m,WORCESTERSHIRE,52.31036658,-2.516451884,FREDDIE
38,m,TOWER HAMLETS,51.51801788,0.015778337,LEO
52,f,WIRRAL,53.41609373,-3.115706684,CONNIE
51,f,LANCASHIRE,53.72240119,-2.240722747,ALICE
37,f,LEICESTERSHIRE,52.86000007,-1.159542371,WINTER
29,m,BIRMINGHAM,52.41939411,-1.900925513,ALVIN
71,f,LANCASHIRE,54.00433492,-2.726978855,AYLA
15,f,WANDSWORTH,51.45610879,-0.242268814,ERICA
66,f,OXFORDSHIRE,51.65982892,-0.878929065,GRACE
86,f,VALE OF GLAMORGAN,51.52152703,-3.372331247,MILA
20,m,GREENWICH,51.45936943,0.076234657,JAXON
31,m,CROYDON,51.40086785,-0.074827159,HUDSON
6,m,WALSALL,52.57835031,-2.055298473,ULYSSES
48,f,KENT,51.00273102,0.345992019,ELLA-ROSE
60,f,LEICESTERSHIRE,52.42119725,-1.729490618,KHADIJAH
34,f,WEST SUSSEX,50.95555455,-0.537697483,ISABELLA
85,m,HALTON,53.34141097,-2.720904631,ROYCE
49,f,DENBIGHSHIRE,52.99991864,-3.371615934,MATILDA
7,m,SOUTHWARK,51.49741592,-0.018195691,AYAAN
21,f,BARNSLEY,53.56868562,-1.591899001,ADINA
21,f,KIRKLEES,53.64389306,-1.714359314,KYLIE
36,m,SUTTON,51.34412923,-0.152704773,JACKSON
82,f,KENT,51.28092401,0.93781138,HOLLY
12,m,DEVON,50.56508926,-3.438525286,BENJAMIN
14,m,NOTTINGHAMSHIRE,53.13884772,-1.240609041,OLIVER
72,m,LUTON,51.85592826,-0.405554771,DEVYN
51,m,SUFFOLK,52.24134953,0.895231293,SEBASTIAO
6,f,ESSEX,51.63220627,0.803686891,LAINA
50,m,DONCASTER,53.50037379,-1.158474362,ZAC
41,m,DERBYSHIRE,53.07141121,-1.380730264,CEDRIC
54,f,DERBYSHIRE,53.11277114,-1.366767927,EVIE
29,f,WORCESTERSHIRE,52.10862457,-2.310393488,PHOEBE
20,f,MILTON KEYNES,52.02591333,-0.858772114,ELISE
51,f,NORTHAMPTONSHIRE,52.22990655,-1.122284864,LILLIAN
53,f,DENBIGHSHIRE,53.03325518,-3.603804232,LAYNA
60,m,SOUTHAMPTON,50.90514474,-1.449788201,OLIVER
34,f,ESSEX,51.99165887,0.263669885,HETTIE
1,f,DERBY,52.9485594,-1.510300946,FELICITY
5,f,SOUTH TYNESIDE,54.99409967,-1.463401195,ELOISE
2,f,LEICESTER,52.62881677,-1.144949437,ARABELLA
22,m,PLYMOUTH,50.38280926,-4.106666453,HARRY
66,f,STAFFORDSHIRE,52.71832657,-2.457038381,EVIE-ROSE
34,m,BUCKINGHAMSHIRE,51.73127733,-0.914309388,HUEY
15,f,EAST RIDING OF YORKSHIRE,53.8938318,-0.240882591,MADDIE
21,f,BIRMINGHAM,52.4585231,-1.953313468,GENEVIEVE
17,f,LEICESTERSHIRE,52.94551876,-1.422525125,OLIVIA
48,m,RICHMOND UPON THAMES,51.41182046,-0.305142494,KYRIE
7,m,"KINGSTON UPON HULL, CITY OF",53.7777325,-0.265956283,DAVID
59,f,BARNET,51.61024767,-0.128310994,ISABELA
24,f,BEXLEY,51.46497619,0.117575716,MABEL
32,f,ROCHDALE,53.61157332,-2.155423229,FREYA
24,f,DERBY,52.92489334,-1.523252003,ELLA
3,m,ESSEX,51.914441,0.247250795,FRANKIE
10,f,BROMLEY,51.37623953,0.007059313,KIARA
18,f,EAST SUSSEX,50.95724091,0.086626207,ANNABELLE
6,f,POWYS,52.20839443,-3.084661643,JESSICA
54,f,READING,51.46238452,-0.965353074,TESSA
37,f,NORFOLK,52.79228781,0.738806063,AMELIA
6,m,STOCKTON-ON-TEES,54.56070528,-1.287359599,MAXIMUS
35,f,LEEDS,53.76847088,-1.537215251,ELLIE
20,m,BARKING AND DAGENHAM,51.52962173,0.136268711,BOBBY
8,m,GLOUCESTERSHIRE,51.98650375,-2.15039338,THEO
80,f,WEST SUSSEX,50.90449514,-0.621512024,GRACE
58,m,TAMESIDE,53.47791246,-2.01839866,MICHAEL
47,f,MERTON,51.38718488,-0.166107019,MANVEER
36,f,SANDWELL,52.49726537,-1.967032426,SUMAYYAH
0,f,STOKE-ON-TRENT,53.03535025,-2.154706957,NATALIA
39,m,NEWCASTLE UPON TYNE,55.02405854,-1.685868748,ALFIE
49,f,YORK,54.02061088,-1.09208046,LILLIE
11,m,ESSEX,51.98386544,0.807088772,SONNY
21,f,EAST SUSSEX,50.90997133,0.457163511,IMOGEN
85,m,SOMERSET,51.16283494,-3.31640533,OSCAR
23,m,NORFOLK,52.60484211,1.098152845,DYLAN
26,f,SOUTH TYNESIDE,55.04701035,-1.447378456,LILA
36,m,EAST SUSSEX,51.1024586,0.592355145,SHIVAAY
54,m,BRADFORD,53.85623246,-1.799226009,NOA
16,f,SHEFFIELD,53.38031056,-1.446546526,AYA
50,f,BIRMINGHAM,52.50050822,-1.778706707,AMELIE
25,f,"BRISTOL, CITY OF",51.47539343,-2.54450662,ROSE
77,f,SOMERSET,50.89245926,-3.518576645,CHARLOTTE
