node_id,graph_id
id88B55D43-10DC-4A53-AEC9-1CE59EBB7C72,1643994
id0C7214E5-019A-46DF-81AB-09A9D9353ED0,149593
id05B826FD-90CB-443F-84C5-01FD413315F0,69069
idC9400936-F1BC-4759-9753-88B60ECEB03B,2419361
id35B18852-2A18-40E7-A39D-47AC803A830D,645357
idD7709E07-4A7E-47AE-BB26-FFA1007D2734,2589535
id11160400-7891-47E1-B7F0-8E2671211BCD,205201
id8461E4BD-B968-4BBC-8806-FA495C68BAD3,1592105
id28C0BCD0-9791-46C6-AF14-CB4DC4389202,489770
idF1087865-6D19-4D6E-AAA6-F0BAD8481518,2897572
idF63CAC70-1A6F-4525-A9C5-A2C5C9D57AD1,2960393
id40CFF77D-C22D-4800-9B68-14F2D7C15762,778870
id232BEDFA-5C69-4C5C-8904-6E3C2ACBE022,422340
idA5819074-7A2E-49F0-BADE-EE1BBE016813,1989973
id84FCBBFA-4AA3-4922-B67E-8B0883626AD0,1599331
idF70711B0-CDA4-41C9-8FDE-BB10C36986E2,2969790
idB7C1B690-10BC-4912-B24D-D145A5723C18,2208710
idAC530102-CFDE-4F1C-ADE7-5A99AE491543,2071689
idD1C5025F-C514-4E7F-A151-7B6EFE63E086,2521748
id3FA14061-48B5-478B-9B53-703EB3F83A97,764599
id97DF40F6-C8A0-41E9-895F-7DAB8A6C088E,1826090
id3C8B0552-2FF5-4BAE-A7A9-A4FD6C5E5DCB,727401
id25284E29-6655-4B74-B521-0FCB283D36E6,446414
idD91CA9A7-8EE1-4830-B7C7-EC1889612300,2609721
id9FEDA79E-478B-4D48-865D-BF8E69E813B9,1922841
id2C4A4F08-96D8-4F7B-A6E4-8E8F5175521A,531951
id0BEB4BB6-3E16-46D3-8FAC-ED13EC100870,143286
idDDA69E10-9841-4CFA-B887-B589158E4079,2664421
idD79C7CEA-E7F4-4340-A6DC-045D1227E305,2591657
id73B4D269-B80B-44AA-A3DD-CEC08F7CAD52,1391561
id169BB6DD-3231-483D-B061-96FC45CBE338,271583
id1EC90B2C-FC89-40C9-A2E7-E198CA423FCB,369709
idC36EB3BB-77E7-4AD9-B6E9-F497098AB2C4,2349306
id4F75E455-6E07-468E-AE9A-B2C251486DA5,954928
id577F4AE2-A1DD-41C6-87B3-9E8210CEB6A8,1051471
idE5BAA832-4F38-469D-9BAB-FFE8FD55A595,2761833
id002697E0-E7F1-4FA6-8B8E-E9802AC38141,1872
idA367B76E-B163-41BC-9A83-C86604A8496A,1964793
id7CB7D019-54CC-41E9-B506-88B906CA272C,1499839
idC2817BA9-2E68-40E8-9E9F-0B186254B067,2338164
id3E96D285-A238-41C9-9DBE-E1A3EE826477,751897
id2147C26C-3903-4E45-9661-F4ECB76604D8,399619
idFAA70562-5027-4B37-9783-77759F832F27,3013641
id461D0371-0994-44EA-9D57-4CCF5703F367,842404
id9BA8CB24-0988-4B7B-AC93-57532114A7FD,1871625
idA892B4BD-7794-4329-AB82-5EE6FE805EF8,2026622
id01925214-2E28-4F4E-955A-41436FE800E4,18965
id2A43796E-99BE-4FA2-B244-89271468D068,507807
id765AC4A0-7203-4A8B-BF42-FB1337E8676C,1422986
id05A7DD0A-A12B-4085-979F-3AE10A088862,68321
idB4FE3638-1EE3-40E8-8421-C97A86AB882C,2175551
idF0E2E4D6-AEF8-4F20-AC0A-437359B15551,2895757
id2516C34E-A7D9-45B7-A7AB-206F23FC0678,445580
id7A17E26D-0232-457D-A23E-0EB9C6D0D4E8,1468185
idF937F59D-D7AD-4358-B3CB-8F19C626FB85,2996274
id730BD3D6-6870-4192-9466-9CB07D23148B,1383751
id91703DE8-D80C-469F-80BE-72585568EBA5,1748720
id1A336C5F-69EA-40B4-B010-C5647E63AB69,314652
idDF58AB99-AEAA-4B93-A305-57CBB08E1DE9,2684975
id7BAC0AD2-0389-4B64-B0CD-C2CA0C821A48,1487226
idE647EE96-3DBF-4156-AD2F-BFC8AD18AE8F,2768633
id26BC00DD-DEAA-4FA6-AE45-362A0D04D7F2,465551
idB3F58D96-D04D-47E3-96C3-4C5F23A2A116,2163151
id4DB00909-2933-4889-BDAF-D78592E188B6,933717
id8FE33632-ADD0-4BED-83B2-6AFFEF69DB7F,1729988
id7721FF2D-0F6B-4E49-AF39-BC376DB1A79D,1432362
id094F6E83-E89A-4300-B63C-C7312A210721,111901
idFBE0A55C-9200-4160-AEE8-350AD57374C0,3028421
id523DAFEB-F8CD-417F-B9B1-CFE956CB9300,988314
idE6E298BD-43DA-49C5-AEA2-A2084F232411,2775915
id7998DB06-91EF-416A-8EBC-A3C34A8FB60E,1462189
idCDE40377-FB7C-4A0A-8668-63FC29D1865C,2474922
idFE0E9C82-6696-4584-AF58-7C693CC4CDF7,3054657
id89CFD3AD-E921-4A2F-B30A-E33CE4A29A02,1657280
id87BE7B10-79B0-4C1E-A5C8-EEE23BD8FF0B,1632449
idE05AB1C7-0D7B-4E02-AE19-E1D02A58F326,2696945
idDC6C2D83-7F56-4FF8-BDE1-BA235933DC15,2649531
idFCB7EA44-3192-48EF-A9FF-80843B24351E,3038574
id040F60C3-724E-4C92-9806-2E5227DC37D1,48839
id8973CB7B-AB7D-439E-BE0D-9704426E2F4D,1652955
id0201C939-41AD-4F5A-8FE9-AFE4350A6E96,24133
id3FA1F03E-A4DD-4580-A9FC-6DAAEAFF4A83,764639
idA446B4CE-FD92-4A21-B843-6F4E873976FC,1975272
id94E7BC62-30C4-4A04-940D-E33A5ABB1AE6,1790315
id8AF9BA0B-FCFE-4B75-95D1-8AFBD391B393,1671139
id0BBF1169-FEAE-42AE-8A26-97003C67005E,141243
id73C6B43C-1883-4CDC-ABDF-31FF5FF95CA5,1392449
id4407132E-213C-4112-AD0C-CE1505BC604D,817425
id3EECC3A0-8099-4E91-958C-8230410D6E88,755999
idB8FE57FB-021D-4A6B-B96B-D2538746FD19,2223558
idED9F7E2D-87A4-40F6-967D-F01B1D78F3AB,2856547
idFB5C0D74-101A-421D-84D7-3A1C4FC3C166,3022141
idCF5EF8A6-C3FB-495F-BE84-EF2DE7C75E9F,2492611
id148504FB-7902-4639-8F57-61906D2D08E3,246551
id52DACC3D-72A6-4271-8344-D7DAA7CF0FBD,995830
idEDB62FEA-1601-49BB-867F-F9FB62DA61A2,2857575
id2120D3A8-16B5-43FA-8966-4517C786E881,397760
idB64A447E-204D-4A7F-AA15-D83F2FF3BA72,2190980
id4FC4A843-404B-4A8A-A02A-C7A6352325C7,958685
id00E979CF-E40A-49FE-8E07-DE28118B75F4,11087
id0AC9C54A-4E59-4476-A7F0-16FDDDB872B6,129620
idDD2201AB-815B-4FEC-968E-C69BFF895DDE,2658207
id572D8512-2BE9-4EE5-A9A3-17FD78B8472F,1047597
id741612AE-A955-4CDA-A3E5-850FFF7EE52A,1396175
id75E1381D-17EC-4377-AC3A-57FA162DD8EB,1417298
idCBD69C09-BAAE-4ACD-87CB-C0AB7562426A,2450462
idF12513F3-50C5-4000-942C-2B89A9D7F6FC,2898899
idD62C35F2-31A0-4187-ACC1-1144FBC742E2,2574231
idF9E583EE-9DBD-4CBF-A9B4-E071459B452A,3004484
id09E44BA4-B95D-4505-919D-721147FC976F,118885
idA2D22B37-08D9-4864-A999-5C108AFFE4A5,1957645
idDCDEB313-40D1-4CCA-BB41-F530AD9B701B,2655021
id11EC6DE3-4067-423F-A605-A892A4523F4B,215185
idCCEDB6D9-45B2-4FEC-97EE-661340104267,2463420
idD5F46C1F-3FEA-4A37-88D0-06515363D067,2571553
id29B5805A-0EA1-46E5-8460-0DC08D51CE67,501135
idAD7355F5-8886-4A8D-9481-1639C6169071,2085125
idEB56DE91-36A6-4A76-BBB0-EED811052125,2829233
id048DECC5-A19D-4D64-A5A2-7A76291270DD,54847
id7D8B195B-BCF1-4827-AFE6-AD99BC4A8C8E,1509536
id05367927-2930-492A-B2A3-7A410E1CE385,62971
idA8274E0A-2C31-42A1-91EC-C13267D94B44,2021667
id28730D11-7061-472D-945C-3CD83B4EA77F,486139
idDB0AE34F-A8C7-4187-B167-0BA4778E82D6,2632986
id8F9687A6-5F55-4B54-854A-5D06F96C6BFC,1726422
idBF18BA1A-C1FC-4D03-9AF4-E73BB398EBE6,2297051
id818752E2-6BD7-49DB-BE0F-9CBBB2ADDE09,1557732
id54D49C89-DB9B-452F-BA8C-EADCD3356691,1019587
idB463DD13-3648-4932-91FE-88A8097A6BD7,2168302
id3D1FA71A-67F1-444E-BD58-5E9B42D9D1FE,734316
idC0411C14-2C51-40D5-8AA2-5170BEB61AB0,2310986
idFD054C3B-C59A-440E-96C0-4BE1A2ED7866,3042183
id096C51BA-204C-4088-BC29-C6CE506470D2,113255
idD98C6A7A-43FE-4236-B695-7FC18209B365,2614895
id07E6E7D1-8AD4-4FA5-A316-CE9242E2764E,95086
id0C6C9529-B392-445D-A9C6-8F3BAACA024E,149358
idC40763D7-7D63-475D-AAF8-E6C0FBD82B19,2356469
id873208B1-CF1F-41EA-8054-5C0431D9B915,1626047
id6CEF74EF-1337-4DDE-9047-DE2B79F7CA1B,1310190
id2195BB54-CF94-49E5-AC35-FE12D7DB3754,403290
id178E36F7-D8D1-4ACE-8997-F021116232CB,282987
id0B114DEB-3127-4151-809D-0CA1943A3E0A,132955
id07ACEFE0-1893-4820-8629-9591C1612FE4,92335
idAC48E644-6EA5-4745-8E22-7A4971C591FF,2071242
id2187AF03-F693-4622-BA8E-EDA9927D7619,402616
id412234A4-C432-4ECA-8B87-4244C16B57D4,782583
id8FF962B2-3C14-4819-9769-DCAEC3662F74,1730998
id644448E7-77A8-4E7E-926E-69106E1A3477,1205624
idDE8E4F54-738E-4B79-806A-4FBCAC404F07,2675450
idA994436F-79C8-41A8-926D-3391550F57EA,2038677
id32CFBA41-C119-4775-BC53-B821B076826F,610444
id7EE3D394-B89B-443A-85D0-0BF7017D7484,1525967
id66B26FAA-9952-4E3C-92C6-BCD29B602270,1234683
idF16F6635-49AB-4E07-A956-CAC60918B677,2902482
idF23EC6A4-9A46-4A41-86F5-641DDF576003,2912353
id56D5E4FF-88E1-47B5-A4EF-F81DE6DD31E8,1043543
id04E671F9-D583-4413-9D3F-F3490C6EB282,59154
id67E44360-06E8-44E1-B3BF-74F49A4A2D32,1249343
id98EA6A96-2EC9-4544-A9AE-2362F3830726,1838475
idA3127B7B-B442-493B-83F4-0CAF5BFF7FD7,1960685
id8E895028-2BFC-4D89-9873-D51758AF6BFE,1713726
id17C54C12-208D-43F9-B56F-D9720CA3653B,285611
idA47A059E-6583-442C-9484-7B4D30311CAD,1977667
id765A9420-7BD9-49D4-88A2-67AB040A0A22,1422974
id03FB6CF7-1AEC-4C76-90EA-48F5CAFCFDEA,47893
idF0E86226-4BC4-4692-8583-F7466AD9C416,2896013
id16FECCA5-FAB9-49A0-89A4-11BD47FE4506,276288
id2081FEE5-25B2-4682-AF9B-1EA51150FE86,390399
idE56DA5CE-5ACA-4DDC-9143-192C86BC47C1,2758265
id1053DE31-3AB7-41B7-84EC-1C48B176D244,196079
id2F2FE53E-608A-4BBB-A14E-8F69E0C0562C,566796
idD46FBC4E-48D1-4117-8F58-878FB71DD424,2553271
idD7E485BC-5108-4A29-AEC1-D4A7B8206956,2595094
idB90C8AFA-708F-4B10-860A-5FE69BBC4E31,2224208
idA6279126-5B7B-4CD3-8D40-C1CC5B0FF2E2,1997818
idDD399BAC-41B3-4391-8963-6E697264C1E5,2659297
id3A0B1779-4675-4D90-8ABB-CCF3D829C968,697267
idBCC53CE8-16B8-4E5D-AB77-7A22B5088CAC,2268767
id0591652B-E939-4397-A8CD-9CB3E016AC2C,67251
idC9554A5B-4413-443E-8A5D-9CB816033E6D,2420368
idF1431150-061B-4F75-BD7F-B3CE629A7E95,2900317
id6AD868CB-3F16-456D-B718-AAC6F03F1EFB,1284978
idFEF02E98-AC41-411E-B1F4-7984E5FEF370,3065294
id4B7FAB5F-9D31-4149-8EE8-0B019C12B68D,907516
id74034961-0CAD-44B9-A741-C75319BD5F7E,1395266
idE646221A-7115-4F67-8FCC-7A2E98D3BBAC,2768550
id99D2CACB-9FB5-456D-880D-0EDB07D5A956,1849387
id1DEAB9AC-0307-48D6-93F8-B4F019CD400E,359189
idA7287827-1B35-4E1A-A3A9-249DFA6FD018,2009839
id5675CD0C-9854-4ED2-9585-920616073744,1039063
id0188BED8-8458-4A37-BD1A-DE0FACE59E06,18560
id3DB895BD-6713-4DCA-BE4D-9D5D086E0E0B,741365
id14B6150B-034C-4004-B3DB-96C06F2C9DC0,248832
id68543D55-FA5E-41AC-A142-BA9318A1A7F2,1254620
id15697336-BF31-4EA2-A946-04B985DCFA53,257306
idB4470369-AF81-4920-97BE-E268742DD22D,2166954
id12445C53-BB90-4BC9-BD26-D4CDC8C71794,219334
idF51F2D90-6D6E-48E0-8DFC-EFF57707A921,2946961
idCCF52E95-0C7E-41A9-9363-C43A517D9A84,2463769
idFF83D52C-44C7-4267-9A20-275AC6E0E458,3072414
idAC8CA182-804B-43C1-9F07-3D6842DA2200,2074334
idF73932CA-5A1F-4CD6-858D-16E38C090BB8,2972143
id1D970FBE-033B-460F-9325-48405E30CBC9,355368
id0B5C3377-74DE-47DE-9BDC-653979CD789B,136509
id2AE13F7D-33E9-4504-A016-BE5B85DD0F3D,515094
idD0BB2534-CFBE-46F0-AC8F-CDDB585F3436,2509099
id0C8B832B-B3B2-4ED5-80DD-E22CE473AF6A,150758
idF3F96453-E1B2-45A0-A7D9-70369C1F49C4,2933107
idBEC90BB9-AC43-4FDB-919D-053EE7EFACB8,2293306
idB5D00454-A1FA-43F0-9C9D-D07123D81B85,2185389
id22CCD37E-BDFB-4665-A502-B53234FC80BC,417928
id0C8224F1-7630-4E32-9AAA-A4E4C1ABCFE1,150352
id98D60E97-4BD2-4348-8AD6-241DC6B42B93,1837552
idBC7634E7-8564-4A45-8B8D-05EB93EDC842,2265109
id8523E64E-88F6-488F-835C-6AB192495C92,1601177
idFA077830-1AA9-42D9-AF46-F0EAA97C76AE,3006089
idAD914C8C-B11C-43DE-B7C0-97040979E48F,2086546
idD658C400-DDB9-45B5-8B5E-638CE285BC32,2576335
id6DF21704-8C14-4D42-BF7D-D9378BE21FAF,1322358
id43333647-F6B1-4767-8471-C0749F274458,807372
id4D4D33CE-423D-479D-8D13-F175E027A0D1,929136
id6E361B85-8B74-4F4E-B834-BFD10ED44456,1325536
id79D50869-3F58-4ECD-8BF4-99AD1400693C,1464948
id77773FF8-5683-491A-876B-464609B826C4,1436371
id4E6A2266-649F-415C-87E8-F77C14FF5AAF,942355
id2C5F92F5-482F-4620-B9B4-850065138955,532936
id3F9FD32B-A66F-4F8C-9B59-FB2BEAE9ECF0,764516
idB3647E4A-E10F-415C-B760-5156AC2F7CC2,2156276
id9FA6BA08-018C-426C-8A2E-5D7591F9B1B8,1919457
idDC974589-6911-4264-84AC-B82685114ABC,2651631
idFF4E567B-C53B-4689-BD11-FB2848049760,3069808
idB5F524CE-1F52-459E-904B-6F091C75B79C,2187061
id9A81FDC2-E3DA-490D-8F69-918C4F4C06B0,1857719
id61EDBF39-13AC-40EF-A212-BCF8D55F301F,1177158
id805F98C0-78EE-47DE-8D88-3F6FB1241085,1543950
id7B95B165-AA6D-4CC2-AE1F-E341C28168FA,1486204
id53C6BDE7-0891-46AB-9005-5B3500049410,1007006
idD321AA95-3424-49C8-AACC-91225654ABE5,2537800
id0244FA33-C275-4DC1-AE87-D080B0EE678B,27339
id62D8834F-87D7-46C8-B95A-9CECA728738F,1188320
id5C17DC3A-58CB-4CD9-A49B-750A78D4D934,1106630
id1D0BEAEB-5E13-46BB-AA47-E4381354D876,348809
id1345DDAA-68AE-414B-9EBF-96538EC3B212,231559
id5881460D-2580-4ECA-987E-4CBB3488E512,1063296
idBB223E3D-B61F-44C9-8554-4081362624FD,2249307
idA7D6642B-0183-461F-8941-447F3E2943C2,2017913
idE24F9DCF-F05F-4CBA-9D75-E0C2CF57BE9E,2720530
idBFA09126-6605-49EB-996F-DC959F282894,2303391
idA6F7C7BD-33A6-4C39-8A49-4C206F4FD184,2007573
idC0289C8C-40A9-4A0C-8ABB-C8D5F91DC444,2309867
id70CD8984-182E-4696-8574-551A53A799EF,1356660
id4BD34E7B-374E-4538-9B11-6BA66E67AB44,911365
id25BCADE5-7805-45C1-B5CC-1F123E2F566C,453404
idD78CFD3B-DD13-4330-BB9A-2E5C5FAF87E3,2590885
idF3A08298-F234-4EA7-82AD-B0C3363776D3,2928932
id9E47E671-1439-46FC-B790-4B39FAABC2A5,1903013
id2C9E2BDA-ACED-4B77-A504-719359B0189A,535885
id5A7C3940-3F11-4725-B8A8-18BC612B50A6,1087327
id8507DBF0-605F-49A3-8091-517E9EB0C43B,1599847
idFBAD878C-2394-4A9A-AB01-A8940483D27C,3026056
id7BB16E54-6706-4AA3-A500-AFF24272B253,1487479
id8AE97210-62B8-4519-A0BB-09294C30E53C,1670394
id5DCF51D8-8BC1-41C8-9AAF-A3B92B9C8737,1127444
id113FE1FF-FF5A-48A2-AE49-AB7D686F77A6,207122
idEF2A129C-CDEA-491A-A0F3-1F99C4E9634F,2875142
idE10D4EB6-2070-4B8D-993D-CC1F6316384D,2705273
id2E3075CD-D5B5-470D-AF6A-1B337EC9E7B8,554819
id9FE8893D-0C26-45F2-A444-317445CE3F03,1922601
id51C1C081-39B1-436E-8A5F-55FABD50265A,982608
idE0FC201E-5109-4B05-B7E1-2D21DD5A44CA,2704504
idD59AF2BD-CB7D-4BEF-8D1F-67E6ACA3307F,2567362
idA5A2E749-2EC2-4361-A9C0-3A8AA5ED8FA9,1991552
id3F859DF7-0713-4161-A13E-93A74FCD1FDA,763301
id2A90F46A-2CF9-4233-8D65-F13E32796E7C,511331
id2EF5BF59-BFEC-484F-9DA7-4DEC4319B152,564051
idBB4BE8B8-420E-4A46-9E56-ACB2EDE18C57,2251210
id5696CDFD-FDB6-401C-AFA9-D9DAD89FABEB,1040589
id8F99F444-6258-44C1-954E-10AE26B80156,1726590
id1AB26BAE-61EF-4B61-8C24-B559F57CD5DE,320638
idBE0A603D-74FF-4E11-BF7C-7F6F66C640B7,2284353
id621DA8D6-B4A6-4BFA-A3A1-A40F6ABFE9D2,1179401
id8054E300-8614-45F1-9A3E-10A6A46C9962,1543476
id3A9D407E-7951-4065-B7EC-D6EB7D411E78,704207
id274FE850-097E-4FD2-AF13-D1AB089CC95D,472555
idC3D5E018-3EC5-49C0-9D1F-00CF3C913CD7,2354017
idE8DCC915-12C0-46A6-80D4-3B6D809CC692,2799432
id529B0305-79D8-4581-AC88-43194C5C6F32,992763
idED69D49C-C300-4BB1-9572-CC7F9C3570C7,2854066
id1879C1B5-34A8-4DD5-8980-A5BA5EE878FF,294135
id591E5A46-B778-4910-9502-0E900F39DF9F,1070753
id70DBD7B9-1809-4593-BC92-BEF5C40720BF,1357336
id0B97C807-EB03-47BD-86C6-8A6154B42C0B,139366
id4AFF441F-BB0B-4801-9DAF-447FF3B2D127,901447
idBC7C7850-DC33-4D1C-A138-7D3F1A978FAB,2265400
id5C432A6B-042C-4BA6-84A3-9BDCE8C35360,1108708
idF08D79C5-2A97-404F-AF58-EA02F7877E26,2891762
id073C2E58-191A-4E2F-8B15-345C6DFE8E89,87118
id7D93DB51-4353-45E6-89EB-130AE9E5AD90,1509982
id182789E1-0082-4B04-8052-1A219721EED1,290302
idC49E2F30-DEF2-438E-8C65-A2030CD946AF,2363612
idA7FC24E3-FD13-43FB-9AAE-BFFA1C2FCBB3,2019686
id8086B6D6-DAF6-4AAC-9775-D1BB27EC0E27,1545847
id37B1634D-5C8E-443F-8A4B-C137F0990B6C,669157
id1E0EFFF6-1311-48AE-A23F-1871C65A514D,360870
idD5407B3B-3A4D-4577-B500-7FD332BFAA78,2563185
idA2D6AFFA-33DC-47E8-A9E9-9AC5D2C316B4,1957861
id019A62AA-D731-4341-ACAC-5792603E6E3F,19347
id2F33EF4F-3AB2-4410-B859-5034EA1000D5,566994
idE751AA15-5148-445C-A412-9470D7FB2651,2781033
id740D3B0B-C6CE-48CF-AAD7-14C28396AEB0,1395760
idDA84E878-8734-495C-BEF3-459730B8D0F1,2626674
id673F6498-A6E1-4C89-AF9A-5A1FD2038B13,1241475
id580C6F80-250D-4543-B2A4-7B81086505B7,1057881
id538900FB-2EEA-4991-8880-FFFB6AA0241A,1004150
idF75D05C9-D76E-43C1-8698-866C84148310,2973860
id3BE6AA66-776F-46B9-A987-18102A284053,719728
id1253DEAA-5A46-4118-B307-21A24D226B66,220029
id6B2E017D-218B-46B3-82C6-C1919BD5F5AD,1289016
id18E877A4-BE83-4A7C-B164-D43CE2D07940,299260
id1FA742B7-A9BB-4E2A-975F-191BC29B88AF,380251
idCF07F4DB-15C6-470E-81D2-2553700C066B,2488614
id844E94EE-81B5-4D14-9168-C591B1A12873,1591206
id625C5C8D-0F27-42A3-93E4-05C02B7F9734,1182432
id1E48D18B-3B49-44E0-A4D7-36A1CD3124C5,363696
id7E2ADE5A-230C-4D23-8557-00484D76B89F,1517213
id109651D9-FCCE-4D27-ABF2-DAE86949B68F,199246
id4F750AF9-6CAC-427C-BF68-AEF0F62515C0,954889
idC6BC54F6-85EF-4911-B59C-20941B15C043,2389091
id965E9FBD-1FD8-448D-9637-089A3D9FF06B,1807875
id6580EE56-8913-4C5D-A1A9-8387BA94868E,1220481
id22FBDBC7-1D30-4B94-BE7A-051463F053B2,420074
id5E4A7C83-CBF6-459C-91B4-2AF7DC076341,1133256
idD4F8CB00-5BD8-4FC4-A593-BE926E9C5C90,2559828
id5681CFE7-42D2-4F55-9316-03A665A46DB4,1039607
id98B54444-71DD-48D9-8CA4-D618E85305CF,1835953
id454E9A6E-8891-43ED-AEED-281AFFF1ED1C,832664
idC80FCC85-0AC3-48D7-8E8D-CD3D5DFC0361,2404944
idA9564C18-A29D-4ACA-8A1C-16B0A3A005EF,2035741
id1727155B-A210-4888-96FB-4B84D93AFF4A,278168
id8F6EC09E-1982-4E92-B61F-1193D09A10E6,1724534
idE62C9EDE-97E8-4C8B-982B-172D96B43315,2767296
idA7E4AF09-F4EA-4AEC-AFB8-FCA98A768D38,2018557
id96F425F1-2274-435B-BFCB-BFFCD00D8628,1814943
idAC194EC4-28A5-49DA-82F1-6527622BF3DE,2069044
id8F42FD72-3684-4890-8A48-3862FE4943DB,1722468
idFBE0C67B-6165-43F4-9774-6B4A09B692E8,3028430
id7EEF24A6-D8F0-4173-AA3C-C4C75BBB69B9,1526471
id7F10500C-DCB9-4885-9F47-C9DC945D29BD,1528042
id69EC6621-A45A-49C2-A95F-D706F3A2A747,1273798
idD51F8BEF-916D-4AF9-BA40-05AB207AD3FA,2561641
id72841C94-1785-41FD-B047-C3E6BA0D29D7,1377284
id74278274-0E04-44EE-B56B-41CC366A0EBB,1396955
id0F7EB86E-F237-4EF4-A1CC-996479A507F0,185876
id43632CFA-13AE-454D-B517-8793B206C213,809611
idD1AE7982-123E-44F8-83FF-75C77CF33634,2520675
id9ADC8803-FFB8-45DA-AD9A-2AD4EFA2DEBB,1862126
id78D9C826-02A4-4176-B771-4F7C2E200936,1453255
id9386FC2F-8492-44EB-83EE-6A94F3B194C0,1773682
id09249DC6-39DA-4181-B5DF-DDA56F364D44,109905
idAEBF8957-69C3-43C2-8FFC-A955AB6A77C3,2100678
idBC51B309-65CF-45D5-85ED-51A7406DC9FF,2263367
idF89E222F-B1E0-4B0F-BD0D-28149C060C9D,2988993
idF6527E85-DECC-4177-BC0E-758237E0DF98,2961389
id904FDADE-0197-4385-936A-4F4E6984935C,1735060
idEF446AA6-5A42-4B26-863A-5545C2E83163,2876348
id96AF1ACB-64E2-4690-8AE6-C552A15042FE,1811648
idAE8D7293-F09C-43B5-B9D5-15D44E5F5852,2098381
idB13E9C54-794D-46AB-BB74-22F59CE9D70D,2130782
idF97651EC-19D3-4D62-ADA6-E3264C1F58E3,2999188
idBF984791-4D3E-4756-8291-D58BB1EC2DED,2303012
id42345697-5E06-4850-82E0-A30232C56AD8,795494
id15690C8B-B015-42D1-AA47-1F11808EFDB4,257295
id1DFF5170-B686-4D62-BFB9-7A04F5F16E19,360152
id860A2FD9-F70E-428A-BE5D-367495E970F0,1612142
id7A48FEE8-16A1-4F3C-ADEB-3D5DE316D3F0,1470546
id5315E51C-9A02-4854-B69A-8B078C8F9B84,998630
id3F7E8742-58B1-4F63-B75F-0AEA80A625E0,762976
idA43EB9D3-2A24-4CF4-AE15-ABF1EC1463F7,1974914
id8EB047A1-2881-484E-8531-1A7FBF3515AC,1715633
id919AC0BF-FE05-4498-B7DA-9339DE2029BF,1750781
id54CB691F-6016-4726-B8EF-988334C47898,1019185
id9C64C332-6099-4DD6-9E2C-F6A41E421045,1880538
idA5CFB9B9-59F1-4EDD-B506-E4ED525989BC,1993649
id2B8E0221-C8F9-469B-B07E-1EB636F53F46,523128
idA4DEFCCF-892D-43AB-BB69-FD8F3A340181,1982381
id928615A0-97E1-4153-9280-1C95F2D39618,1761670
idB381FA11-71AF-4900-A274-26C852F7281F,2157708
id16D3B102-3156-4F6C-B463-559021547677,274238
id8AEE5B35-1B3A-4BD3-A82F-7E584E503717,1670595
idB6D5BCDA-3517-483C-AE2A-B9F20F8ED5B5,2197564
id4D6E4752-7F99-4281-BA30-E7A4F1044EC7,930674
id006A942F-B914-4CB9-8ACF-B52277F9E66E,5105
idC95EA04C-8963-419F-8E7F-F368BC96515D,2420847
id4F442B58-C716-4AD8-8941-D418814292A4,952610
idCD43AD61-E3E9-44BB-B2E5-AC0A0A053DF4,2467397
id4C26E4DB-4290-4894-89C6-CE8D94DD0229,915333
id3F5A0C6E-7F8F-4A6E-A6A5-27807F61576C,761268
id56B03A11-60EC-483D-B960-B784EC426E02,1041766
id62EFDCD7-A8BA-4C8A-B769-F12B71F4FC47,1189478
id6682301C-62E7-43A2-B6C4-66035D969FA9,1232406
id19D53F58-1044-4905-A491-7CF0B6787BF7,310362
id5AC77D27-6770-4521-B9A3-850BCE932635,1090851
idDE434BCE-318F-42ED-8183-AD1849EA9455,2671803
idB07F7025-C8A8-4FF8-85B9-8F28C95589B7,2121908
idA1E29DAF-3189-4118-95EE-F1A2023F6B98,1946423
id93CFCCA6-117F-43A3-A7AC-FF29BD2FB68D,1777112
idBEE9FFCA-218C-4FD5-A04E-E08358876237,2294850
idB3C56F3D-F9D5-4E1A-B1B0-8DE60FD464E7,2160867
idC9AD3113-419B-469C-80A5-5961EAE24BB5,2424466
id3E95010C-C05A-4311-BA0B-32E1AE09F007,751822
id0445A0E0-C06F-4128-9EB9-A7F055E2AB86,51372
idCB386C21-FFB5-4574-8A7B-F92053D52A42,2443042
id65A57785-5D02-4B51-B8FA-503DB5EF3082,1222099
idE5DEC7D1-19F1-4AF5-98CB-F0F05C9EC57E,2763542
id5EF4225D-90C1-4152-AD52-DF08218C7004,1141241
id8D35B025-53E1-44A1-A0FB-1F4D59A3BE4F,1697862
id6F88C00D-6B35-4D17-819C-9F2A3682BA56,1341406
id167F8AC0-CF37-4884-9282-AB81A22605F0,270245
id7C8243C2-A3A4-49CE-B061-70B691216124,1497370
id01413979-5434-4631-83CE-6E544F5882B4,15128
id6CC55F0C-8830-498D-8C61-46E015036027,1308225
id83EC863C-5806-4E14-BC2E-31FB80935E1A,1586584
id545BBA05-1664-480C-BFCA-3A95BF0FF648,1013961
id844FFEF8-E906-49A6-984A-6B2D5D1AF482,1591276
idB49C3C44-050E-48C3-93FD-5646E9FF4CFE,2170887
id122D4CB1-6A07-4366-BE8F-1989E9E9992C,218249
id4EB1FF94-05B7-4969-8CFE-CE0980C8C1E8,945730
id2DD899CF-D65F-459E-910B-24292C1D92FC,550638
id67D25888-B522-473C-B8F0-7B1F523ABE1B,1248452
idCC8F5203-5B00-4068-A275-0AFD61CF1DA4,2459028
id729A07E4-0DAE-4152-A287-C95C28DF14D0,1378276
id011329FE-0B8B-41E0-A2C8-85387410AC2C,12975
idDC3E1590-B787-4A21-A142-15F59D56F592,2647399
id431FC738-EF3B-4B47-A021-807C839C275F,806462
idBE0F68B3-EEA8-43E6-A743-DD959539FB92,2284600
id6630F68D-A05D-4E32-9074-F51DE374371D,1228581
id8A3B2AF0-06F3-43B2-989F-084214688E0C,1662280
idEC1FC1B4-4B18-42BE-BF2D-6FFFFEDF9E8E,2838530
id9800A8D4-0A5C-4062-A5CF-DB20E3B9FFF8,1827627
id17481B80-4DEA-41EE-87A0-71362CAC54D0,279735
id0BD42EE4-070A-4E52-992A-BA86D2C274E6,142199
id2D472045-C145-437B-A917-AB4F84925C12,543813
id5F02D067-9E46-4BB6-9E02-7ACE2BB62D8B,1141926
id6E57062C-57F5-4560-946F-1E3B3CD0AAE9,1327065
idD7ACC232-3978-489F-A495-0216394CD949,2592443
id80F4940D-B038-4133-B8C4-370490D6FAB6,1550944
id489FCDBF-27E2-4910-82EF-649F3AE84EDA,872664
id473B69FC-86C4-44C1-AF94-548C050E46C6,855891
id711DB8BD-9307-444E-93CE-912C98BE2463,1360409
id932177DE-26C4-4A9C-82E3-78803D1ECB36,1768915
idF56D38FC-DE5E-4C71-9B37-ACC4636F4914,2950651
id26FBDAC8-9471-4C61-B030-698F91EBC2A3,468516
id6DAFC98F-AFF7-4AF2-A75C-6A3DAB8E01A7,1319267
id906EA736-4F76-4155-81B7-68713197FCB9,1736590
idF17BE927-00BC-4FD4-8A39-8D8483355593,2903067
idD97D47A7-BFBC-4F45-96F4-8C75300AF87F,2614186
id536E1667-C0B5-4865-A221-692C5AAD844C,1002823
id360F1B8A-E98D-474E-AF38-1DA541FFD409,649707
idA59F5186-7605-43A1-9440-D0CCCF09B917,1991386
id063FE460-9A2A-4429-A46D-CC9FA8D24C31,75438
id51AC6256-8D97-4D66-8939-7CBA87E3ABBB,981542
id663D8403-8EDC-4EEA-8A9D-4F177649B9BE,1229159
id14822CBB-AC13-4AC5-8079-EBB7882E8BDA,246400
id5AD81EA0-7746-46F8-BFA5-75385E30119B,1091656
id23321061-F674-403B-9C79-3A4BB2761E88,422661
id3807FA7E-F723-4713-8D15-451728F12C75,673220
id494DB2C5-3B87-41E3-8B4E-720CDBD21EFF,880862
idE8E7940D-AD02-4501-99A2-1688459ABD4F,2799934
id37366A69-2B50-44D0-BB6A-2BAEA2330ED3,663443
id3E093E67-E769-452A-BA27-C46A877B03B9,745187
idEB970889-D9F3-426B-A0FD-CC80AEFCF14D,2832113
id8423E69A-DF91-4874-B419-1B7FEBFA3FEE,1589179
id9397DBBC-F9E5-4E91-8E9C-33E732FAA2AA,1774477
idFF007682-1D18-476D-94EF-B5A0E79A3615,3066073
idD63570E4-588F-4400-80A3-F00E1D2AB12F,2574666
id503E5908-E95A-4CFA-9033-8C9F96667A56,964379
id5E2B1600-EBC8-44D1-A1A2-3D93FEC8E49D,1131777
id2FBF7A74-DDEE-4541-AC36-D219E957C31C,573516
id3B1C3093-D9D8-4544-A914-4CD37B84980B,710260
id85530D38-E214-4F57-88C8-1F3AA221E626,1603412
id4045DF4B-4D4F-4E09-B6F7-94D3B6F90D95,772289
idD5632305-7631-4BEA-A41C-8133B805DDA4,2564821
id54A63DC3-4604-460F-8D17-B15C6959F374,1017459
idFBB10094-D07C-4C4F-8644-4BF624BFB0BD,3026224
id7B675C22-D7FA-4F00-8292-70D7AAEEFC9C,1483996
idC34161A8-0E5F-4085-9858-14DB1F6B42DA,2347197
id6FAC0F35-C392-477B-9A45-D11986351B86,1343090
idFD3301F6-1A9C-452F-BF9B-D5013BDA1613,3044372
idF3943718-DAF6-4580-B1E3-65728D37D050,2928352
id7BC3B78C-6D99-49C7-9AAC-8203427FC257,1488338
id83EFFCA5-4B17-4692-9C48-53AE9715E76C,1586764
id9B150CC1-24C1-4609-83F3-7B8C52B7C043,1864747
id66EFDA9E-494A-40B1-B3D0-5BD11169725B,1237676
id1664BCF9-538B-4387-9563-FAF2E7CFA51E,268978
id2969DE79-DD7F-446E-807B-26F0C75173EA,497631
id18B5B1CD-4550-422C-B8AF-69A84CB4C013,296925
id433F7AAE-EF4E-4D93-BE11-1C6F3D249812,807963
id49C79BDF-35A3-4F56-A5B0-E962AD4D141F,886640
id75EF131E-1F25-4A1D-97A2-AB2CACD5F70A,1418000
id163100DF-10BB-42AE-BA43-CE070A2C9EF4,266607
