src_id,dst_id,length,type,form
#idB8956D02-E596-4C5E-8D3C-8F70EE2A0606,#idBDCC3B29-A41A-4697-85D8-BD46C1D4A23C,74,Local Road,Single Carriageway
#idE09F462E-03A9-4299-8D4A-CB05A86534C9,#idDC15C2A8-BC36-418D-A4AB-A3A95D6028B9,37,Restricted Local Access Road,Single Carriageway
#id398EA0CE-EF55-4ADC-ADFF-D56B73DF8B41,#id1CE8EA4C-F344-4196-91D0-4DF97071080A,172,B Road,Single Carriageway
#id2A732F86-6719-4FB3-A15C-1DE5A5E41BC2,#id14738852-D206-48A3-9A63-26216329CDF0,173,Restricted Local Access Road,Single Carriageway
#id0606DA7C-6353-4720-BB5F-C31E4E49FDB6,#id0B839DAF-6D68-4F93-BF82-F0F159CAA677,220,Motorway,Slip Road
#id45829DC8-3578-411A-B6A7-AE0154EC25B9,#idE57FEE91-6EBD-4DDA-BC50-421F9E5E92D1,111,Local Road,Single Carriageway
#id3B79E86D-45C3-4792-BC4A-3F1364E74ABD,#id18560DE3-3510-4458-B2BF-3371EA7A8FFB,57,Local Road,Single Carriageway
#id7A83934C-3C5C-44AF-B38D-E2C1695B32E3,#id347B88A9-E8C4-4F96-B99D-B63897A7B010,89,Local Road,Single Carriageway
#id7F647CBC-7CBA-4C07-8D5C-2F2D9D61C8C8,#id7F647CBC-7CBA-4C07-8D5C-2F2D9D61C8C8,109,Restricted Local Access Road,Single Carriageway
#idB18EF114-416F-4A51-B434-1C3AD9A59919,#id762D8793-33F6-44B0-B13F-AEC9ECCDEEAF,142,Local Road,Single Carriageway
#id3B77F051-1BE6-4E2B-83B8-8FA6F03C0C98,#id0A550152-E14D-49B3-A0DB-7F6CC0D0281F,6,Minor Road,Single Carriageway
#id23A70D5A-65E7-44AF-B412-6F334821FCBF,#idB028A915-9867-4B45-83D6-4775067571A2,187,Restricted Local Access Road,Single Carriageway
#idC85B106F-20E9-4F45-A35E-B4EBB2749026,#idC6B16145-CD68-4FFA-9CC9-1E24FE52B3B8,639,Restricted Local Access Road,Single Carriageway
#id505F4CCF-2199-41A7-9FB4-8A6E290A6E34,#id5D017301-C14B-4598-8A27-9EB10A709622,36,Local Road,Single Carriageway
#id8BE67492-E118-4F22-9CDF-005A4CD53833,#idCCE8743D-5854-48B6-8340-40F62A2ECB3C,51,Restricted Local Access Road,Single Carriageway
#idB36A646C-A361-4F3E-8C1F-02EEE743186A,#idD43F1086-4F68-4CE6-ACF6-57C5FD36C15F,36,Local Road,Single Carriageway
#id12D81898-0908-4FA9-9604-837585397BFE,#id398BD246-C821-4FA1-B23F-64A36BFB25B0,99,Local Road,Single Carriageway
#id5E90F2B2-3294-4B5D-89EA-2E15D569CAC9,#idEC84B107-BC0C-406F-9299-A06221AF7D9D,200,Minor Road,Single Carriageway
#id4A2D37AE-08CD-483A-8E29-0979FBAE774A,#id6ECD8AAF-2924-43EE-8685-7396E2CFBB6B,88,Minor Road,Single Carriageway
#id0E4AF591-B618-4180-9962-87A5A5789FCC,#idEC5C4E19-7203-4DE0-A10D-F892D99802B4,102,Local Road,Single Carriageway
#id62284B6F-3E46-4CA8-A603-FDAA4BF0B592,#id18453E56-4B4B-44CF-919A-F76B6B905BAC,45,Restricted Local Access Road,Single Carriageway
#idF501EADE-22DC-40AB-8FAC-14CC6B544DBD,#id49C9E84A-1752-4F1F-8803-003758917F66,18,Restricted Local Access Road,Single Carriageway
#id22E6F6F3-502E-49BA-BAFE-FE797A3EC406,#id539967DE-4E7C-4C1A-96D9-FDB0B151AFDF,144,Local Road,Single Carriageway
#idF0E6F07C-7B09-4442-A8B6-3A68CEC48C67,#id8B67595F-6683-402D-A2D4-2B49CB0701DF,230,Local Road,Single Carriageway
#idFF47355B-9A58-465D-8C35-2BF819CE4103,#idBBB59253-6411-4683-A9AD-4D0BF1349A1B,76,B Road,Single Carriageway
#idCF0FD917-44B9-40CD-A315-068A475D6FF5,#idB1C5E607-C33E-4DD3-9D63-FE4DF5F63524,209,Local Road,Single Carriageway
#id4EA45112-9582-4128-8D1C-BAA25C22602D,#idA912E7D9-4EA1-439C-81D9-56434C97C0E2,53,Minor Road,Single Carriageway
#id3128DE2A-B39D-4F11-B999-A0D6CA4415FF,#id36FB52AD-F36F-4027-8644-885847D59022,75,Local Access Road,Single Carriageway
#id95769529-E7B5-4BD4-8352-6131F3B5F16B,#idC9991436-A799-4501-AAD3-CED01EA7CD09,53,Local Road,Single Carriageway
#idD4C244C4-1945-4CE7-B4A8-AB298DFD7ED8,#id49961283-2BF4-40F0-BBDE-584829001BB4,31,Local Road,Single Carriageway
#id96C38FAF-3EDB-4797-B0B2-338B07AA3769,#id310C69E5-5699-43B8-9B34-5BFD628C62FC,98,Local Access Road,Single Carriageway
#id45438E64-5D83-48FF-9AD3-A303C3C9EEE3,#id659429BB-EC78-44CF-8EED-E8ECC6461C0C,14,Local Road,Single Carriageway
#idF89EC6A7-3BB4-4195-B26B-D974F126D781,#id8DC67DC5-71B6-4A08-8992-B573B5586445,912,Restricted Local Access Road,Single Carriageway
#idDE8690E4-5362-4A7C-99F8-C4F6BDD0573B,#idC0167DBF-6C60-4B87-96AB-0091B416947D,66,Local Road,Single Carriageway
#idBE93F42D-24AB-4D59-A7A6-8168A7E91D0A,#id53F1BF03-EBF2-4EFD-96B5-1DCAEB64D54E,25,A Road,Single Carriageway
#id46983DA2-82C2-49B7-BB9A-F2710A7DC683,#id97C119C8-CAB4-4AA3-ACD8-0B03C0615BA7,47,Local Road,Single Carriageway
#id924944E2-A702-44BF-AD34-FC69F0AF7D56,#idCAA947F7-2391-4B10-BD1E-0AB9466D2F5E,256,Minor Road,Single Carriageway
#idDC49DCC9-888A-4A7B-A992-B90B603DD09C,#idA9877703-8140-4AA1-9CBA-287BB5037658,158,Local Road,Single Carriageway
#idDE3B80E6-FA83-412A-A082-D741E4801ECB,#id360417D6-484E-4378-8B25-9D5357DFF23F,154,Local Road,Single Carriageway
#idC0539716-548A-45F4-AE33-02203A121476,#idF5924D41-E840-4336-A23E-4F55E2A57A12,151,Secondary Access Road,Single Carriageway
#id339E32BC-1CF2-42EC-85B0-D6CBA26777F4,#idFA0A5EBC-D39A-4DD3-994D-58CD7F498B4C,41,Restricted Local Access Road,Single Carriageway
#idA2A533E6-20C4-43D2-BEA1-5BB60F1493D4,#id28F5064C-F854-4622-856D-CBE9ADF99DFA,21,B Road,Roundabout
#idBD5BE0E2-D9F5-4275-AE2A-12FD1D040276,#id4D34E057-39EA-412E-A0B9-DDEFDCACE4C4,39,Secondary Access Road,Single Carriageway
#id798CD991-A55B-4DF4-88BF-78B742EAD783,#id306410FE-7176-4267-A8F2-02E329C3A445,45,Local Road,Single Carriageway
#id3F7FEEDE-08E4-4288-A5A6-E4D2C24A7C61,#idE8581194-B710-47A8-83D4-1D39096849C4,94,Local Road,Single Carriageway
#id8CD94A92-306D-4539-BA67-C60421BBF84C,#id0C916715-F581-47E4-9420-6058D60B7D51,68,Restricted Local Access Road,Single Carriageway
#id17156EFE-791F-4FE6-BA44-18805FB214DC,#id396FCFE3-739C-4126-94A4-741EEC3AA651,56,Minor Road,Single Carriageway
#idECE453A7-C80F-44DF-813C-C312ADF6F775,#id6FEC75EF-4710-4005-8A47-1E736BBE2FFE,315,Minor Road,Single Carriageway
#id67D8970E-61B4-46FB-8869-1142BC404388,#id366968BE-65C7-47A7-98BF-6711674E204D,73,Local Road,Single Carriageway
#idD7DD53E1-335F-46F7-A6B2-AD3E40942C32,#id817BAD5D-FECB-466C-9F81-651B83AE5C51,120,Local Road,Single Carriageway
#id3301508E-6501-487D-856F-1668140BAC36,#id827C5FB7-AADC-46EE-B68B-EA380F8816F4,6,Motorway,Collapsed Dual Carriageway
#id83C9EF4F-304B-4E70-8D7C-F88BD1FC820A,#id014CEF7F-02BA-4308-A4CB-AE583F38CFB0,112,Restricted Local Access Road,Single Carriageway
#id0C13D282-3DFD-4169-8DF6-5B1469538BA8,#id7B02040D-BC57-425D-8469-528D8B398F82,79,Local Road,Single Carriageway
#id870A309C-1589-4F71-AF16-BE07AF695CCC,#id70864893-50C9-498B-8B64-04D3ECF8EA79,79,Local Road,Single Carriageway
#idF2CAB78E-5846-4F9D-839C-C08FDF9BA31E,#id7697400B-3A48-4C50-B153-5BC27AA6326F,58,Local Road,Single Carriageway
#idF85CFBD9-6044-4B95-85DA-D4C94F68016C,#id3BF547A1-64EC-4DFE-9444-84004835F9AD,70,Local Access Road,Single Carriageway
#id9DEB6CF3-3F97-4791-9449-3F820B341DCA,#id57F489FE-C8F2-4B57-BEC0-34A73D7678AA,53,Local Road,Single Carriageway
#id43C7E8BA-16B7-431F-8108-37180E7ACB99,#idA0DE100B-1586-4DD0-9F7F-D0EFAED6B855,38,Minor Road,Single Carriageway
#idA8DBF134-FE1F-4B29-8BBE-5B26B659D258,#id5AD3CAE2-D889-4EF9-8026-6C2B1D3F8A0C,24,Local Road,Single Carriageway
#id8929F793-6C28-4EF1-B923-FD1E6AEB3DC5,#id7A9C4560-CB59-412C-9221-2972CAF02998,60,Local Road,Single Carriageway
#idE43872A4-90B5-46A2-9197-32D739EAD347,#idA43E5EDB-EEDA-40D2-B919-A16D77CA4A06,155,Restricted Local Access Road,Single Carriageway
#id0F37AF7D-4EFF-413E-B48F-115A202284F7,#id00BD4B1D-EFF2-4159-9E4F-C75F713738B4,434,Minor Road,Single Carriageway
#id87CCB9B2-40C6-4907-917E-432611AD1C53,#id61827905-872A-4843-96AB-A13F8765B656,86,Restricted Local Access Road,Single Carriageway
#id18340284-D40B-41BD-9BF5-81199CB2AF74,#id47873A94-610D-4F1C-8AE0-ACD4B274B4DE,68,Local Road,Single Carriageway
#id844A0948-CF11-41AC-9D68-9A9D10D9D357,#id8304096E-0A43-4B8E-A8B1-2EC1C06957BE,173,A Road,Single Carriageway
#idAE877FE0-9256-46D2-859C-E1196D7B4C9B,#idC8F92754-12F6-4F70-9E04-F85BDE76B862,121,Restricted Local Access Road,Single Carriageway
#id92E1CE72-E197-4436-A8E3-D4561E13334C,#id597DF283-580C-4CB1-91A8-D30CCF3BCE48,601,Minor Road,Single Carriageway
#id294DC682-FA16-4339-B30A-9C92409BB961,#id10A111F0-552C-4A8C-B4C8-7AF0C444576A,93,Minor Road,Single Carriageway
#idF50EA262-0138-40EC-9395-132A680F37BE,#id17F21C5B-9475-457C-BDB6-30B02248FE2B,659,Local Road,Single Carriageway
#id2FE1CCC1-E05F-4645-B171-8699C6916C0D,#id198E720A-84BB-4532-97F1-357F7FC4C8EC,7,A Road,Single Carriageway
#idB21E6302-6E83-4D68-A99B-94A654C3ABD3,#idA6C77C88-25FB-4280-8B8D-8DA8DE6B4739,10,Minor Road,Single Carriageway
#id19EB162B-8AF0-4A91-8CEF-8BC89A981446,#id11D02C18-CDBD-4A55-BC88-7CA9138A7208,43,Restricted Local Access Road,Single Carriageway
#id484BB745-E000-4439-85A4-10B406B94450,#id70399BFE-383F-436C-90BD-159AB57141AF,55,Restricted Local Access Road,Single Carriageway
#id5A892ABC-2C30-4336-9C10-E2C153AB0082,#id78727A48-97EA-4444-BE72-2962F7B8461E,7,Local Road,Single Carriageway
#idFE5AB6CF-A402-4B82-AAEC-8397A53395B0,#id5C40AEE0-DE38-4AF6-A3EC-21AB6FB0A233,93,Local Road,Single Carriageway
#idF5C2AB0D-FEC6-4728-AFC2-FDD892E77867,#id7EA30074-42FB-431E-98F8-DAE38FA90042,54,Local Road,Single Carriageway
#id65D1C2C0-DF33-4D0D-A800-B053FF351B55,#idB4842159-07AF-472E-B273-C3634C6EF490,40,Secondary Access Road,Single Carriageway
#idFD870AAA-145C-47A3-A131-86A2E0DD6C05,#idBE8BA14D-341B-4EDE-AC9C-2C8CC1E5951B,146,Restricted Local Access Road,Single Carriageway
#idB2DFD6FD-28BA-4D49-9628-CD25C2F84192,#idB76BC8CF-25B9-43D6-AC1E-C64B16670064,104,Restricted Local Access Road,Single Carriageway
#id261FDE44-626B-4F84-AA6B-95466FAFD58C,#idED3357D6-FCD9-4D0E-A349-328970990AF0,92,Restricted Local Access Road,Single Carriageway
#idB8E84F9B-6B6B-4F70-92E7-9F592B70AC29,#idFB7EF84A-0E11-400C-85EB-412F02C53DB3,60,Restricted Local Access Road,Single Carriageway
#id0D92FA1E-BE87-49D0-84DF-7CEEEC88E1C0,#id1E367FC9-8663-4A58-A2D6-BDE59BE59831,368,Local Access Road,Single Carriageway
#id22A97D65-6C30-45A8-A8E0-7FC3F05A8906,#id5F744EF7-DB75-4ACA-B54B-8211D531C06D,63,Restricted Local Access Road,Single Carriageway
#id0E3C549F-6D77-4170-B2B0-F795CD106105,#idAAEF990E-2319-4828-94E8-93692DB69C64,51,Local Access Road,Single Carriageway
#idE85FCE3B-0C53-42D4-983D-BF07FF8AB7F9,#id608C403F-F2A4-4692-B909-991DB008BC1F,164,Restricted Local Access Road,Single Carriageway
#id36B7D26F-00ED-41E3-9283-80D1721AC524,#id689968C8-7E4D-496F-BDD4-86102A413274,91,Restricted Local Access Road,Single Carriageway
#idA5D426F8-50F5-43C7-AFE1-B3B24387434D,#id73F3D193-4953-4665-B3C6-5F7DF287D333,64,Restricted Local Access Road,Single Carriageway
#id2ADD4ABF-9B88-42E4-9ED2-3253EF6E1180,#id28E78408-E6F8-4E42-8E6D-E0239DC7C6EB,55,Local Road,Single Carriageway
#idD5E4A359-107E-4ACC-BFA4-0AC8A7EB5C99,#id7188502C-65FC-4CFC-822C-F4A21B219AEC,19,Local Road,Single Carriageway
#idC290B74B-5B1A-409B-995A-984F14AC3142,#id4F55C9C1-0D44-45BB-BAF7-1B94220125CA,683,Minor Road,Single Carriageway
#id7D787986-DD42-4678-B584-E2A2E44A954F,#id50B30F2E-BAC3-4C4A-A60C-AC6FAE0E58D7,489,A Road,Single Carriageway
#id024072E8-8E49-4BC7-A745-4B0C82DDF799,#id9CB86CEB-74A5-4A09-85B0-9F3DD6E1365E,261,Restricted Local Access Road,Single Carriageway
#id502925BD-E112-4939-8CE7-DC8EA0A3175D,#id1AAA7704-AC89-4CA3-B37A-164EBF3D625F,256,A Road,Single Carriageway
#idD0ECB201-40C8-4644-9E8B-DA9FD614AEC8,#id30C77CC3-6E43-4BC2-B1F2-DD9F413D84D3,315,Restricted Local Access Road,Single Carriageway
#id9A81FDC2-E3DA-490D-8F69-918C4F4C06B0,#idC8A2AC16-43ED-4929-8DEC-F502B39DCAD7,80,Restricted Local Access Road,Single Carriageway
#id53A53986-E734-4B58-8A78-91B984B51225,#idC96B1A10-02A3-4B74-9D5D-567E5F18D463,39,Local Road,Single Carriageway
#idBB900D84-4A34-4614-B946-AD6A9832115F,#id88F7F5F6-2E33-4B18-BAE2-B4E20B849DC7,37,Local Road,Collapsed Dual Carriageway
#idBBAB2D45-2CF9-4498-995C-F7AB2DF53F64,#id1DDA8E23-9EC8-415D-B23D-7BDB64BAC9EC,60,Local Road,Single Carriageway
#id3B3DD9F4-EE7E-48EB-8419-554C683B108C,#idF4002677-0FC3-4FAE-B224-01543324F1E6,34,A Road,Roundabout
#id6B953993-2838-4588-98B9-6D2E90C4FD70,#id601E99CA-B8B7-44A1-B421-B9BC75ABE515,27,Minor Road,Single Carriageway
#idC406367C-9D7E-4CEF-BA14-1D10059ED05F,#id12006827-9472-47A5-A838-7A3294246EAC,16,Restricted Local Access Road,Single Carriageway
#id5330ACE6-04EF-4160-AAEF-0CE2FCC6D4E2,#idFBB30F83-4641-479F-8F5B-732E03A6B50E,212,Restricted Local Access Road,Single Carriageway
#idFECB9484-4102-4180-A07D-8506D155CF7F,#id7ED13C21-3C22-4666-B831-C84E26AB0BC9,207,Local Road,Single Carriageway
#id85A07DD5-063C-4D03-9B98-9694EB9FB52F,#id9AE7C111-2B48-4110-8223-5E937390131F,186,Local Access Road,Single Carriageway
#id87571CE8-924D-4A0D-A751-3EE800AE5138,#id01168136-907D-4EEE-8018-0F435ABBC42F,21,A Road,Single Carriageway
#idB600A6D7-A252-4178-91A0-73EF8CBDC096,#id886E684E-D8F2-4013-881F-8F3E22628BC7,146,Restricted Local Access Road,Single Carriageway
#id79B30E22-DDA5-4F07-BAE7-64822C74B438,#id44B22DB9-6603-418D-951E-9AC917219063,114,Local Road,Single Carriageway
#idC9EDE792-530D-41AB-970E-F7A40B63917A,#idCE05621D-DFCA-4C8E-B510-C9A0B6B05156,340,Minor Road,Single Carriageway
#id550353BD-5DA4-4000-9684-954EB25E4099,#idAD9C6D92-2641-43D8-9084-E81D8F369D31,630,Restricted Local Access Road,Single Carriageway
#idF8CEF5C9-C495-4871-AB58-C64C1721A88B,#id0E9CDB2A-14EE-4CEA-BC19-FBF4BB3F1284,146,Restricted Local Access Road,Single Carriageway
#id8604C525-F67C-412B-85D2-4A2B2AD3FC04,#idB98FF784-6D9F-4E18-9914-A93120D411A3,205,Local Road,Single Carriageway
#id784D79BF-6C7E-4FDD-83C1-358174F25A14,#idAD70DCB4-E2DA-4FD4-A122-BA68EC707ED2,510,Local Road,Single Carriageway
#id5B4C37F2-A92C-402F-B9C0-1EDE5591A33C,#id909E0CD9-F23C-4E96-9B29-63BCF3FA9077,127,B Road,Single Carriageway
#id0628B256-7758-4998-A68A-BF12D680EDB6,#id7FA632CA-734E-4645-8AC9-5F3BD85841D8,200,Restricted Local Access Road,Single Carriageway
#id0833DCA8-3312-41DE-91AD-2F30D3C55DCA,#id878BE840-2E63-4937-BC58-2AEFD62AD637,353,Minor Road,Single Carriageway
#id69F6DAC9-5BAF-49D2-9CD1-356FCF106DA6,#id9A7579C1-3437-48BE-BA8D-B8790938A0DE,67,Restricted Local Access Road,Single Carriageway
#idB99E0419-C5ED-4564-9BBE-E652B522CC3B,#id664968F6-D759-4317-A86B-C445C9967962,123,Local Road,Single Carriageway
#idB4658554-5D07-4421-AC47-BF3E639F1EA4,#idAF572564-33BB-4457-8704-3A6D15803251,16,Local Road,Single Carriageway
#id3E3DD0FC-2709-48AE-926D-A3F7B444F240,#idDAB2ADF1-48F0-4773-B006-42D401CD5CC6,38,Local Road,Single Carriageway
#idA6001E47-14B0-41B8-8078-52FE2B3052B5,#id065603B6-134B-4E24-A879-8CD1F7C36DFF,100,Restricted Local Access Road,Single Carriageway
#idA63CB85F-A0B0-4F7F-9660-995E17AA9D45,#id80FCDD26-3C10-488C-B1BB-F034A3EB2AF8,56,Secondary Access Road,Single Carriageway
#idE18932A0-2572-4662-B366-DE78DC1C446A,#idBA937E7E-3429-4B1A-9A65-8650B3A9CD0A,88,Local Road,Single Carriageway
#idFBC20DF0-2D88-4C9E-A692-C590C4E24E45,#id9D64377F-C315-4DE4-B806-B78A025CC19C,68,Local Road,Single Carriageway
#idB29E47D5-722B-4A6F-A626-855A473F462B,#idD06F6337-5E03-41D3-BFB8-F6C42470DCEE,47,Local Road,Single Carriageway
#idE75E9CBC-425C-4858-9DED-F3F354246D89,#id9598F0FE-1916-4A4C-BF08-BA2475EE831D,31,A Road,Roundabout
#id73EBECD3-53B7-41DD-9EDF-BC72C7229824,#id54F91AC4-52CE-4AD8-9D28-E18BD3FFF855,109,Local Access Road,Single Carriageway
#id271787BC-A0EB-4496-B5F5-76F1EF30D265,#id6680042D-0CD9-4BD4-9F80-1C586598D0EF,61,B Road,Single Carriageway
#idB4471425-1063-413A-B182-D04E6DB3147F,#idD588D1D5-C53B-48C2-B12B-269BB3220A17,173,Restricted Local Access Road,Single Carriageway
#idD9DD9DCF-ACF0-4CB3-B46B-E1F8297F16F5,#idD87A0EFB-7EA7-42BA-BE20-6908587EEE91,119,Restricted Local Access Road,Single Carriageway
#id6832BF10-8BD2-4142-B367-17501ABDC505,#id86BCD83E-9092-4DF1-91A2-69EFC16169C9,4,Minor Road,Single Carriageway
#idE40B9619-30E9-43EC-8450-59242C4097A7,#id9D22FE20-CCAC-442D-AE13-A63E547EB34E,58,Local Road,Single Carriageway
#id1EC3D871-C7B8-4167-874D-01F31138D20C,#id39953DD9-F8E2-4F2D-9577-FD5DB1E31AEA,46,A Road,Roundabout
#id5373E627-E4EA-465D-AB51-DCD28B13EDA7,#id4C5D9154-666F-41A0-9180-FEFB5999A89C,257,Restricted Local Access Road,Single Carriageway
#id38909BE5-CB58-4B59-87EF-EF3438DAB23F,#idF234A78F-7607-4C2B-B643-2D2ECAFA7568,44,Local Road,Single Carriageway
#id4AC03F09-EFF7-4D70-ADA5-C7055673A4CD,#id2F96A6F0-29EE-4372-A0AB-25FE5A140EB5,104,Local Road,Single Carriageway
#idA7FAE343-BEE4-4DEB-B061-70982FE1AC9A,#idBA3031E0-AB61-4205-A725-E8D132DD1097,32,Local Road,Single Carriageway
#id9887D340-1E63-4B16-B75E-A14730BBCA75,#id059CBD58-2D04-4935-AEB0-9C4B39CE93CE,33,Restricted Local Access Road,Single Carriageway
#idD10832B7-A07B-4156-A77A-923AA25EBB88,#id08B42929-7A9A-4CEE-A402-7CD0237498F1,19,Restricted Local Access Road,Single Carriageway
#idAD7AFE13-ADDD-4FC1-8F52-F6BC77D9EFDD,#idCF715D31-5143-4BFD-9059-6CD71A9A3CB9,53,Minor Road,Single Carriageway
#id160BAFD0-84D1-4025-A1C6-928CDBFA1BE3,#id9D57629B-D137-44CE-A3B1-6B43E17262D8,132,Local Road,Single Carriageway
#idA65E154D-C0AD-41D9-B783-09777EDF4A61,#idA65E154D-C0AD-41D9-B783-09777EDF4A61,28,Restricted Local Access Road,Single Carriageway
#idE84C4958-1D6C-4682-959E-B5762601CB03,#id4D2B652D-96FF-4D80-88EC-7231EB01948F,40,Secondary Access Road,Single Carriageway
#id82C2335A-424F-4763-B573-DF7218F2EB5B,#id82C2335A-424F-4763-B573-DF7218F2EB5B,92,Restricted Local Access Road,Single Carriageway
#id90274026-AFC5-4CA0-ADD9-C8C9D94DEE88,#id58F660A2-C086-42F5-853E-F83A3D047414,881,Minor Road,Single Carriageway
#idE810F767-FA4A-4810-9712-EB58B1BD7BBE,#idBDBFFBAC-CBDE-4019-A023-0FC5714149E0,91,Minor Road,Single Carriageway
#idCF22A576-4842-400F-B825-DAF61E0C62AF,#id0237F965-C6C5-4451-88AB-D50A7D84284A,6,B Road,Single Carriageway
#idE79E23BA-A47B-440C-8362-29800743C1F9,#idA1B78EBC-6C17-40DC-827F-704359824E28,1955,Minor Road,Single Carriageway
#id8F1C3E54-72E1-4E52-8A91-80079AAD99DC,#id4BF72839-3C56-401E-8D05-21157B8D6478,64,A Road,Roundabout
#id93AB461E-F2E2-41A0-9999-C59FC5DD4381,#idDF7F5C27-F2BC-4635-8564-2A17CEB82B5A,128,Local Road,Single Carriageway
#id8F7D00B4-95FA-4747-BAEB-C31D3FBAD48F,#id3C069509-CBC7-465C-B6CE-9C30D001D58E,149,Local Road,Single Carriageway
#id56939B2C-AF57-40C6-B9CA-25BBE488254F,#idE89637EE-D913-49CD-A543-1AE8AD24ED02,58,Local Road,Single Carriageway
#id27A3F778-55FA-46AE-85A1-46DF25491218,#id10DD5DF0-E533-414F-B102-615959A82A46,6,Minor Road,Single Carriageway
#id26B52FDB-E28A-4887-9630-2BEAF23AEA2D,#id7DB0A085-EB14-4069-919B-D0D5D11FB252,29,Minor Road,Single Carriageway
#id0D88D1FD-4B28-4151-A9B4-E396DCD758A2,#idC3FD01C8-56A1-4A02-861A-B134EA5DBC50,76,Minor Road,Single Carriageway
#id26275896-57A0-4F6C-BF77-2A7524D3B951,#id7983B1B3-0E52-4394-BB7C-81FC7021FF05,54,Local Road,Single Carriageway
#id133E3002-9764-46D3-85E2-19831F8AC4C3,#id31EF1B15-2160-4EB7-97B7-6CAEA08416D7,97,Restricted Local Access Road,Single Carriageway
#idC507B6EE-E24F-4AF8-9382-EAFB8E78CD78,#id273942E7-9ADC-444C-AB36-7336E9DE6D70,93,Minor Road,Single Carriageway
#idBEF2FE79-4528-47B4-A977-D7EC06E9F8B3,#idF349CED5-0DEF-4782-ADCE-B06D2FB9F87A,126,Local Road,Single Carriageway
#id78BC020F-9CF5-41F2-A411-823CD05A758F,#idAD889B24-7205-477A-890B-5A9F738D046F,82,A Road,Dual Carriageway
#idBD59E4E2-50BB-4361-A111-0FB613371C69,#idE9E6FE77-289B-4CA4-AE7C-CA702DD3E11C,75,Minor Road,Single Carriageway
#id56ECDD4F-6E7F-4867-BAB7-70E864FF66FD,#idD810A17E-1CA2-4CB5-A5D1-8A6C6CA69E28,9,Local Road,Single Carriageway
#idC4D090C2-D669-435B-A1A0-1760EE151EDA,#id60F426A6-0F9C-4A0C-9FB9-60BDF5AAFBBC,47,Local Road,Single Carriageway
#id634F96AE-79F9-4338-8C06-DE45FEEB4D00,#id0F4BFABE-F889-4E8C-8D45-3E7CE59825AE,99,Local Road,Single Carriageway
#idF70B02A6-CC3F-4462-A005-585A85F09BA7,#id67A85691-A479-4954-92E7-A44C156E3C4F,115,Restricted Local Access Road,Single Carriageway
#idB958E65F-EAAF-40F9-AE97-E6F3CCEF7975,#id7E897F5C-121F-4C67-A504-2EFB24347E1C,712,Restricted Local Access Road,Single Carriageway
#id516FAD84-CF29-46B9-B6D7-4A1E8B1C8509,#id95A0FC2D-E909-46CD-9370-CB0460F0E0A8,787,Minor Road,Single Carriageway
#id0C4C3306-C5BC-4480-98E3-8A2DD85C803B,#id079D1256-56B0-4A2B-BD96-D67C67205630,18,Local Road,Single Carriageway
#idE4B39F5F-E8E9-43A5-97A7-64729F676F65,#id840DA25E-B3BB-4B95-9EA0-196AFFCAF9AD,1,A Road,Collapsed Dual Carriageway
#id4F72F3D8-74AA-4839-BB8C-FA0D9B2692E8,#id3A7DF0C3-8250-4BEF-9A2E-513F74D18D3C,88,Secondary Access Road,Single Carriageway
#idFA344A6A-FE7F-4D74-A9E9-0D67B0B78623,#id18801708-A341-49D8-BB1B-405445A2186E,130,Local Road,Single Carriageway
#id3C1CFCE4-F96E-4158-9F77-055AF23626AE,#idEE45EB8A-B6C0-49FD-8BA1-946ECA9DB00D,22,Minor Road,Single Carriageway
#id5C4BA615-FB53-40B2-BC15-EA2AB8C45989,#idBEBC8A85-3C00-4B38-86D8-B11E0D2F4151,43,A Road,Single Carriageway
#id33B1197A-B191-4CD1-8975-4657371B0F16,#idD46051A3-1879-4F9B-8600-E643B9B69637,33,A Road,Collapsed Dual Carriageway
#idEB742A42-F4B5-4360-8829-494F4126637E,#id5F785923-2B62-4014-B3FD-5D70667EFBE9,504,Minor Road,Single Carriageway
#id698C6E61-F7FC-4AF0-AAEC-89E622BD2897,#id8906666B-F2C9-47FF-8225-A520CBB7BA29,556,Local Road,Single Carriageway
#idB472DD74-E404-44A3-982B-4ED40471ADF2,#id3B7E530B-775F-417E-8596-C1DEC216B333,19,Secondary Access Road,Single Carriageway
#idD023F407-949D-40CE-B3D0-EF5FC8107489,#id787C4B29-193B-43F8-BCB4-51BA0798F005,70,Restricted Local Access Road,Single Carriageway
#idA9B4C5C0-74A5-4991-824E-1FC6F7DC646B,#id5401C887-7CE2-44CF-844B-5EB88950A04E,348,Restricted Local Access Road,Single Carriageway
#id8D35E284-06CF-4920-9A58-5F584FC44F85,#id77026A17-E6A1-4C16-9353-BF5824BC9B2B,116,Local Road,Single Carriageway
#idFE6F45FA-1798-4C6C-9512-CAC5A072E77D,#idBD37D434-E66C-4746-92F2-E16DA4922DE3,240,A Road,Single Carriageway
#id785B76F0-D6E8-4833-BBD0-277F288F080C,#id3ED27EE9-6985-40C4-A7F9-7B8E27D83A56,71,Local Road,Single Carriageway
#id6D7E20F9-D8C3-48D2-8B4E-3DD0F3F82413,#idE326D9F2-A0DC-4563-BB99-0C10A2CE002A,4,A Road,Roundabout
#id5707A7B2-2A08-4677-A3E2-9A13598C6C7E,#idB35F46E1-F5EB-4FDA-A026-00BE3B57B498,69,Local Road,Single Carriageway
#id131A24C4-ED31-4100-BAB9-8440B6D3D8D1,#idF150E918-C7FB-4AE0-B7A8-1338045C6692,97,Local Road,Single Carriageway
#id900060FB-567A-4E3A-AE60-7AF7660C852A,#id0BED7299-FA81-416A-A93B-FDEA66A50FF6,66,Local Road,Single Carriageway
#id51571146-14EC-4C77-AC81-5D9706B0FB5F,#id5C2F9EDF-D0AF-4DDC-A476-33CB339ED1BC,29,Restricted Local Access Road,Single Carriageway
#idB9F00A49-77BA-4908-A5DF-0E94F46E9EBE,#id1799E9E6-9598-4B98-99FF-AFCE197BC8B9,1102,Minor Road,Single Carriageway
#idF3E8AB85-04E5-459E-BD2B-08AD626D3E71,#idFEBBD687-777A-4ABE-BCAC-FA26DA1AA39C,18,Local Road,Single Carriageway
#id4B8FD4A8-7A40-4A1B-99AD-6BA21AC11FBD,#idAC17B047-E775-41F6-854E-7087C76A4090,49,Minor Road,Single Carriageway
#id1C8EFF08-7244-4455-985A-862246800B7F,#id43D1BE28-6A31-454D-B910-330C659C1400,99,Local Road,Single Carriageway
#id72FCC72B-1B8D-4311-8287-0C8C222F4CF0,#id9EF30369-34D5-4744-967B-82D9FC13302F,38,Local Road,Single Carriageway
#id19C68610-4985-4CDE-A89D-F2E62937E444,#id59BCA856-B979-4466-949B-655E549B5AD7,87,Local Road,Single Carriageway
#id86CF6B8B-E384-4A9D-BA97-82F00464C0B9,#idDBC5E980-2A76-4339-9A91-D40410F00F91,72,Minor Road,Single Carriageway
#idA06FB177-475A-4F9C-8CB5-F56E5F69875A,#id4540343F-A5B1-4DD1-80FB-2C7EB7D248EC,101,Restricted Local Access Road,Single Carriageway
#idCE1B26AC-58DD-46D0-8365-287348EF2BEC,#id434DEB45-F4FB-40C0-B4F8-78A9B817C84C,109,Secondary Access Road,Single Carriageway
#id6236EACF-55C8-4CA4-9ACE-E0B606FA5CC0,#id72931973-6A04-4A95-A9A8-2A55DD631B1F,339,Restricted Local Access Road,Single Carriageway
#id898E2130-1FF7-41AE-9C1A-13697F75027E,#id41EACD10-7777-432C-B321-1E50C73FA8E1,91,Restricted Local Access Road,Single Carriageway
#id4C9F0D45-DC01-488C-8CFD-AC3FED8807FA,#id8CE62834-6F35-400A-BF0A-408A942020F3,128,A Road,Single Carriageway
#idD36F2AEF-20CE-4150-AD12-DFC15C1E160A,#idD5669409-DD91-4B07-9542-C82F191EB723,28,Minor Road,Single Carriageway
#idE9F50E39-016E-423A-AAEF-528B42870AAA,#id6E82E25F-9C16-4885-94F1-F1D12F41DE67,174,Minor Road,Single Carriageway
#id3FF58720-8650-4B5C-9B61-1BC84A6F9A78,#id7AAAECCA-91CE-46A1-AC5C-01B6EF7833D8,145,Minor Road,Single Carriageway
#idF76CC391-5914-425D-BA0A-914F7FC14DCE,#idC0605298-98C4-40E8-BEE2-8AB027788F78,51,Local Road,Single Carriageway
#id0401BFF4-61F1-48B9-B4EF-61B2B7F38BF4,#id1556CA6F-70FD-4F26-89EA-75DDF69C6ABF,131,Minor Road,Single Carriageway
#idB809B9F0-114D-4A59-AAA1-D253A1F879AC,#id08801207-DA28-4850-88A8-F7871170D02D,13,Minor Road,Single Carriageway
#idAB0DF8FC-4D50-45B4-BDB9-53DBBD35976D,#id68334BBB-507F-41F2-A9F6-3B13AA59F13E,46,Local Road,Single Carriageway
#id5372C655-D063-47EA-8114-1C9A403E8C11,#id6D59AC98-CFBD-47EF-9376-69FC9078FCBB,215,Restricted Local Access Road,Single Carriageway
#idBC3FAE42-5827-48C4-B94A-080EE74FACC7,#id407C46E5-6225-4C4F-B58D-A71ED5E42E56,79,Local Road,Single Carriageway
#id088FD4B6-8978-40D8-A386-3DECC5656C09,#idF920CDDA-134F-43C9-843E-3D639D1312BE,193,Local Road,Single Carriageway
#idB155B3D2-6F01-4807-94D4-E2A93D065742,#idDA9E375E-527C-4050-9B31-92CDDDD2B371,89,Local Road,Single Carriageway
#idF8CCFFA3-A754-4519-B206-B70EA4D7C686,#id2D2FE3E6-879D-4B19-9FF4-16C308F12C00,230,Local Road,Single Carriageway
#idE1401422-506F-405F-A49D-CC0E7904F807,#idB41757F5-24BD-41FB-8CA0-27277418867E,43,Minor Road,Single Carriageway
#id79FAC2CA-3095-49E9-819C-55C4698E4FE8,#id1B492EBD-BB79-4455-9271-C804A4A92E8A,171,Local Road,Single Carriageway
#id39328F81-7962-4657-AF88-AFECEDE22D00,#id6229C8CC-4D83-4943-AB56-6237ACAB1E01,34,Local Road,Single Carriageway
#id4103B9A4-EA93-4122-ABD3-DCE6B9EE2A18,#idB53F4EA2-90B6-4A7C-9BD2-76DD3397C509,33,Local Road,Single Carriageway
#id975DBB1A-A976-40D6-AC55-5769D9EB4A27,#id1FBE37E4-BD22-45EB-BFF3-29757D05A8F0,89,Local Road,Single Carriageway
#id4F0E0774-2C62-4C2E-98E8-489CC6F5DD95,#idEB45F245-0074-43D4-BCF5-882E526C56CE,54,Local Road,Single Carriageway
#id1CF1BC85-3516-4C0A-B59A-98C398CEEDCC,#id04AA5778-B750-4015-A6FA-A72CF8999DFF,52,Local Road,Single Carriageway
#id4433223F-10F2-4E69-BC62-284B519C16E0,#id714C0F3B-D073-4515-A888-8BB67CB193BE,39,Local Road,Single Carriageway
#id0B5E9752-A56B-494A-A259-E3800C53870D,#id307CF786-FA8C-45DC-B1C9-14285FA623A8,26,Local Road,Single Carriageway
#id534CEB20-C33E-4209-A8BF-2EE744300DFD,#id1892C764-B7A6-4F61-A71C-7F8CF58463B0,60,Restricted Local Access Road,Single Carriageway
#id3F683ED7-D9E4-45FE-862A-47C573191F64,#id69C31623-4224-47C4-B5AE-59706720B95F,28,Restricted Local Access Road,Single Carriageway
#idA8471585-57DC-40E9-8565-B17651DF71F9,#idA45AE666-3E84-4EB6-97FB-29C1178C0B7C,23,Restricted Local Access Road,Single Carriageway
#id3996FBCB-E76F-4814-94C8-7AA7AF24BFAB,#id864CC860-4F58-437C-BC3B-7C972158CE29,186,Local Road,Single Carriageway
#id2FD6B9BA-172A-4455-9E76-CF1983D3CE20,#id0FC15239-9EB2-48D8-9997-4C49D7CE26FF,328,Restricted Local Access Road,Single Carriageway
#id3108AE5E-25C9-4D16-83C6-F4E03DB8330B,#idDD3E1D06-9AD7-4A34-94C2-42CEF59228A2,102,Restricted Local Access Road,Single Carriageway
#idBD76F4A7-7627-426D-8AAC-AA4369F6798A,#id69349DB8-5D5D-4247-932D-C9B7B8792175,89,Local Road,Single Carriageway
#id1B01E2EF-0AC8-42F7-BF9D-F6B629898057,#idA9F6CC47-1BF6-466E-8C9B-9248F5A530CB,41,Local Road,Single Carriageway
#id6075A985-97AF-47E8-B6AF-C8FC74A38498,#id2045ACC7-C8CA-4A66-9483-FC41B2229DE1,119,Minor Road,Single Carriageway
#id1ACDC6C9-35B5-458A-8A06-B2E82C8519FB,#id8FA85A34-35B1-4978-902E-539F49A89DC6,164,Restricted Local Access Road,Single Carriageway
#id739FEC39-5299-4DE1-AE53-F1D89572BD4E,#idDC040558-C32D-4039-BE3C-18C54B31A205,245,Secondary Access Road,Single Carriageway
#id8C17E332-187B-4FD9-8527-775D4B2FACBA,#idAEACFA30-BC17-47C6-8F37-64096BBC518A,21,Minor Road,Single Carriageway
#id4ABDB6AE-60CF-49D0-BA02-14540339AC3B,#id490F987F-AE67-45B3-86B6-81676DB75209,102,Local Road,Single Carriageway
#id21CF3436-C016-48FB-9D18-6C5F96611238,#idD3938004-D3F0-403C-BF4F-C9034423D278,14,Local Road,Single Carriageway
#idA38061B8-E9D9-4416-80DA-F622877F2834,#id8F000481-13AF-4882-B900-B7B9C4C54F76,36,Local Road,Single Carriageway
#idB20B0160-7E69-4E9F-8717-1E42D9A2E6E6,#idCBD59A2B-029F-4A54-B796-03BC18460346,38,Secondary Access Road,Single Carriageway
#idF294D7CC-C2D4-4461-BA14-7E52609270D2,#idCEE32C07-971A-4BBE-923C-909BBA3D253B,40,Local Road,Single Carriageway
#id61F3EC89-69D5-4554-AB73-7212CA203317,#id42AB10D2-BE11-425C-8D14-32838975CC0E,33,Local Road,Single Carriageway
#id14D4FB3F-E286-4D20-ADDF-569459A7A7F0,#id14D4FB3F-E286-4D20-ADDF-569459A7A7F0,60,Local Road,Single Carriageway
#idC5F1ACB9-EE44-4835-88AC-7AECD99CFEE7,#id69773110-84B9-4BB0-8729-3041CD31AFF0,113,Minor Road,Single Carriageway
#id2FA936A6-5133-4EBE-9F89-602D724EA2CB,#id1B1DDC66-C50E-44C4-8DB0-0D2919CB799C,34,Local Road,Single Carriageway
#id4014527E-DBE1-4E47-A163-A46E63D5CCAE,#id5DAE6927-7ED0-4213-B98F-551A85611188,60,Restricted Local Access Road,Single Carriageway
#idFA80A0F5-BBCD-4690-853A-495B873CB7CE,#id3EE8E84E-8FBE-4AD0-825B-43015F273C55,45,Local Road,Single Carriageway
#id394D1547-5001-40AE-B334-17B449FE52F9,#id59089AA9-8D15-4FA1-880C-61E0A5E6A83D,618,Motorway,Collapsed Dual Carriageway
#idC243CB17-9387-4EF5-9855-0B0CF584A51B,#id5C0C5BB7-DA51-4EA0-A7D4-7144D3B545F4,28,B Road,Single Carriageway
#id3DF1BBA1-570A-45F1-9298-079934C88E7B,#idF1D2D7A9-6CCC-4613-94D7-381040683472,17,Local Road,Single Carriageway
#idC1274450-7FFA-4525-9B38-78FF80F62B0E,#id721DE1F2-BA5A-42D9-8E52-51E5F0FBD216,101,Local Road,Single Carriageway
#id316B0072-E80C-4059-A51B-2FFC6BFABA8F,#idF25A8F13-7E90-4147-8F61-829879C57006,37,Local Road,Single Carriageway
#idAC3998C4-6125-4757-8C6D-1C5CC530BD06,#id2E378E62-3293-4B49-814F-61D654424ED5,28,Restricted Local Access Road,Single Carriageway
#idCF4FD9BF-F18D-4C51-8E34-BE7FAAA9B570,#id2B7AA539-606A-47D2-9FC6-7FE7D470BD88,39,Restricted Local Access Road,Single Carriageway
#id53C524B8-C71E-45C1-9604-4238E1A1D4BB,#idBD83253E-9F9C-4B9E-BCD8-3FA3439D7959,381,A Road,Single Carriageway
#id7FDD7C97-D6CA-41F8-BD62-F5C446A5E561,#idA8ED3435-31B8-47AE-8710-B0D49DFF071A,128,Local Road,Single Carriageway
#id951DAECA-1C23-46B1-8921-3695A0FB214E,#id2FC39FB3-9960-4BD0-99D5-CD03AE6D8FF3,46,Restricted Local Access Road,Single Carriageway
#id41B90200-B8A2-47B1-A56D-B4C23F666598,#id70D42685-A249-43CE-BDD6-4E2D2C687C55,58,Local Road,Single Carriageway
#id2FB7199F-9CB5-4947-8EA3-A83705479B38,#idF9825C18-1A09-46A6-9E16-5C351B5BB8BB,715,Restricted Local Access Road,Single Carriageway
#id99D6907B-5142-49D2-93F1-616DA5266DD3,#id1247EE0E-C88D-47B2-9AC7-0E8EDFE168A3,593,A Road,Single Carriageway
#id22E34371-069D-437F-8430-BDAD966AF348,#id7127D79B-D9EB-4116-B2C5-C2E0110D5571,71,Secondary Access Road,Single Carriageway
#idE1B32922-4683-4354-9441-595421FDCCC7,#idE7A7E601-E935-4F7F-9682-E115B3E50FC6,159,Local Road,Single Carriageway
#id7C8712D5-6F97-4383-A6C5-9C9159397E84,#idEBA12CE7-9BC4-4220-85B4-DBA8FC8C4648,18,Minor Road,Single Carriageway
#id4007B897-CA3E-4BDB-B200-F878800E72CF,#idEA85880A-573A-4C76-9B15-EAA391F607E4,147,Local Road,Single Carriageway
#id6C887529-7DBC-488E-9C34-13866B5D9617,#idFF6DDD86-59B5-4F47-8B20-9A13244A7B4C,21,A Road,Collapsed Dual Carriageway
#id78D8A35F-F818-46D7-AF62-6179E7CDB8FC,#idC39A2C5E-5952-40F6-B12E-1BB5CA4C8931,59,Secondary Access Road,Single Carriageway
#id243351D4-1B27-4E7D-B7EA-4BD9AF9B194D,#id75C047ED-F975-4B6A-9AE1-3E4CFC2A0BD1,156,Local Road,Single Carriageway
#id9B307799-0F64-47A9-B0A1-A3E0EAC38608,#id73AB1F0D-069B-4E64-81E9-D02D0E1656A7,102,Local Road,Single Carriageway
#idAF60A26C-6505-48C9-9840-FEEF6CCFF480,#id0ADBD688-A9DB-4BAA-B995-8B7040C647F3,50,Local Road,Single Carriageway
#idA9138FAD-DFE0-4457-BC1F-E2C6303003A1,#id34D01176-6B55-4D5E-AA24-C1AB0B2CDC01,127,Local Road,Single Carriageway
#id253129D4-5506-4AA1-8806-941EB1E001EB,#id24C2E8F3-4DCB-427B-8BA2-F64B8544B953,29,Minor Road,Single Carriageway
#id6221B5DD-3716-47FE-933C-F8A588C3375D,#id14996894-F4FE-4B8D-9181-D0E6097BAC60,38,Minor Road,Slip Road
#id924F8C48-CB46-4F0A-B211-2788CDC3990F,#id98546700-BC71-4E26-BB44-4C80418247F0,48,Secondary Access Road,Single Carriageway
#id7B1EA6F1-04B0-4680-8589-E91324361B96,#id16505ADA-9DA7-47A8-AA1A-4E721B61D196,84,Restricted Local Access Road,Single Carriageway
#id2C0DE086-0A0B-47C1-B3B1-8D44DF611E43,#idE93BC9BD-2F4F-4DCA-B9F3-C46ECD14F9EB,70,A Road,Single Carriageway
#id49863EA4-2CF0-4DAB-928A-3A14684B9E06,#id720BB484-93BF-425B-9671-37DFEB472B6B,460,Minor Road,Single Carriageway
#idBC040698-C609-4612-8B57-7564BB39E712,#id4C8D4E5F-768A-4C9D-9C0A-E444BB7E937A,59,Local Road,Single Carriageway
#id61F1B393-8BC3-4B47-B605-79EA3068A1AB,#id2F67760A-EB2C-4166-BFA1-8CC6EED12471,5,B Road,Single Carriageway
#idE0CACF2B-A479-4DA8-A961-5379953FCFB5,#id3C374F1F-027F-40F2-B801-179BC80CC7BF,34,Local Road,Single Carriageway
#idFDB336ED-AD1E-48F0-880E-735E04DC408C,#idD9543F12-1B04-4124-B694-E3DEFDBE2099,773,B Road,Single Carriageway
#idC9C519D0-73A7-4505-BD5D-B7F70FAD51FE,#id0D2420D2-A100-4410-8208-ABCE5DC26D42,123,Restricted Local Access Road,Single Carriageway
#idB7DB59AA-3A22-4112-B216-F646E6CE630F,#id9E16CA65-880D-48EA-BD77-D8478266C425,137,Restricted Local Access Road,Single Carriageway
#id4B004528-2DB8-4036-ADB0-3A44C07FE295,#id67856A6D-3384-4727-8A66-EBC98A97AE7D,40,Secondary Access Road,Single Carriageway
#id3462B862-B3A5-4BE6-A1C3-BCA1847B4DA9,#id3462B862-B3A5-4BE6-A1C3-BCA1847B4DA9,262,Restricted Local Access Road,Single Carriageway
#idA7B79EC4-1A27-4FD4-B9F1-BFCDBA892D21,#id654FEA46-6603-4959-BC0C-94E64721E250,337,B Road,Single Carriageway
#id823C9108-9044-421D-B3F5-C8017F3CB818,#idCCD42F54-8DCF-4506-8308-C841084FB2FD,7,Minor Road,Single Carriageway
#id3E57765B-2110-462F-B647-D6214EF15376,#id1C342C50-1209-4575-B74D-28D2674DF750,882,Local Road,Single Carriageway
#id8B1D3245-B6A6-44B2-9DE7-B8C33DFD8577,#idED348D0E-D652-4BD2-859B-050884254182,86,Minor Road,Single Carriageway
#id4CB9E646-B355-44B6-BFA0-55F0825634B9,#id3BEB48C2-3B10-470F-B21B-02A6B5A6197C,53,Minor Road,Single Carriageway
#idAFB45AD4-37A8-4A6A-97A3-CC032936CC83,#idBB6FACEF-B5C6-4EAE-87A6-8AB3FB3CA4BE,219,Local Road,Single Carriageway
#idCC0BF366-DA65-48E7-BC7A-248F33BFC946,#idB7313CC5-0428-4DC9-B9FB-BAB3C8395487,43,Secondary Access Road,Single Carriageway
#idB60B1AE4-1D72-40C9-A008-9037F0AC5BDE,#id884AF811-3431-4733-B60B-3251B592261A,51,Local Road,Single Carriageway
#id92F2D4D4-8065-447F-A742-D404B9163D4D,#idFD01312F-983A-4913-81B5-E1132FD8A08B,24,Secondary Access Road,Single Carriageway
#idC979CAE4-860E-4DE5-AD0A-5040B5BC7358,#id5EB1DB39-7D71-41AE-BE4D-2FDCB55215CC,80,Local Road,Single Carriageway
#idDD153E39-2A43-4B48-88D0-BA1EDB03A502,#idD1DCEE5A-873A-4465-A684-C78256C93794,21,Minor Road,Single Carriageway
#id01CE0A81-ED32-4D49-9B15-C3EFBE371435,#id521F995E-8EAC-425B-A05F-2486132A478B,115,Local Road,Single Carriageway
#idFDEC4958-EC5D-4612-9BAD-5EF3BD4CAA64,#id4ECA8739-275E-4C68-BC1D-DD36A5105E89,175,Local Road,Single Carriageway
#idEC63B0C5-E798-4849-A52F-24E53110B4DB,#id7419068C-DC2C-4657-A6B9-09BE34942B9D,183,A Road,Collapsed Dual Carriageway
#id29F5CB9F-75E4-4017-ADD5-551937C1721F,#id285C3EF7-6454-4C47-A68E-0527C6C0FC9B,15,Minor Road,Single Carriageway
#idE44955A5-52C6-4158-B007-8244258264F1,#id50CE4ADE-1042-4F5F-9525-92F636265168,73,Local Road,Single Carriageway
#id8895CA29-5B17-453E-902B-0F9A0959C005,#idBEBAFAFE-B8CA-48DD-A648-E2C2165C3EED,70,Restricted Local Access Road,Single Carriageway
#id1F2B40DF-D151-432C-BF49-43F882E9091C,#id34D567D4-3625-4698-8D17-6994CA43CA87,25,Restricted Local Access Road,Single Carriageway
#idCB961755-3A46-465E-AD56-241151ACF6A4,#id90963B64-3995-4E3B-A31D-9DEB28C5EC64,28,Local Road,Single Carriageway
#id3EE27E1C-6B31-4C47-857C-181E6126C45F,#id7403A407-98D5-4E9E-BDEC-963F659EE9EB,7,Minor Road,Single Carriageway
#id739FDA29-AE06-46A5-876F-B894121E7784,#id0ECE1576-0BA6-420E-B5E0-96B7D41F1039,36,Secondary Access Road,Single Carriageway
#idAD4789FF-2A33-48D3-9014-C8AEC37BE17A,#id6363F43D-80F7-469D-A89E-01C3B55EE919,50,Local Road,Single Carriageway
#idDFDA9313-DAF2-4E3B-88AC-902CD8FB62FE,#id3B8B9FFC-A443-4CE0-9B7E-57255F5D0437,1184,Minor Road,Single Carriageway
#idB80AB5E9-C57B-4B01-8E23-ACC0AEE91177,#id36F23F6A-E8F8-44E2-B7E2-856B846C1498,54,Restricted Local Access Road,Single Carriageway
#id5781064D-DC76-4064-B1A3-433A1E36841C,#id359248B4-B1D8-4153-9A32-BE06556ACF82,72,Local Road,Single Carriageway
#idB6510C83-4E20-42FA-879A-A75211E4963B,#id2DBA01E9-D8EA-49BF-A147-846B28855A5E,53,Minor Road,Single Carriageway
#id0D3987F3-1D9B-4601-A207-DB716596AC0B,#id3DD3D90C-CF1A-4825-A15E-65F07EAE1C38,157,Local Road,Single Carriageway
#idB8C585E4-8776-4DC7-BDAB-D2789D118A2E,#idAD7E5A0C-3437-4E2B-B589-D7809A52B5E4,64,Local Road,Single Carriageway
#id49A9C49B-64B7-4BD5-919B-B0A3A8BB7826,#id538C5689-246E-43AD-B5C0-18E2E1DA547A,41,Local Road,Single Carriageway
#idCB5579FF-968E-402C-92E9-F149046ED101,#id0E28897F-757E-4C93-9924-63ABC966E363,61,Local Road,Single Carriageway
#id1A4F1F6A-86B0-4365-826D-09ED6E47CD68,#id6DC3E074-3A01-4350-BF13-2503043C7752,52,Restricted Local Access Road,Single Carriageway
#id490D5703-9A3D-4C53-A40D-477060F141CA,#id0E11A07B-5BB0-46DA-9168-B2B75D9D196E,150,Local Road,Single Carriageway
#idB2E26598-0D77-451B-9BB2-BCE8EAE8F91E,#id08D4C250-2515-4AAB-8AD2-41889619B241,50,Local Road,Single Carriageway
#id9B08A650-F165-4070-80E7-0DA49E5A8E19,#idD4EF6708-46DB-4108-856E-A04C69983C64,73,Local Road,Single Carriageway
#id6AF719D4-EBCB-418B-9D97-D80D93675C8E,#id631C3DAA-331D-44E6-9CED-A56415EEA1EB,57,Minor Road,Single Carriageway
#id7FEFBB6F-9FE9-4E79-BB75-A512BFEEA77F,#id6FE7BCB2-39B2-41F6-9702-8DC0F35C7F75,18,Minor Road,Single Carriageway
#id993ACE56-A664-48E3-936F-40858DED5397,#idDB5FDB0E-3105-4ABA-B4C6-5DE9085F9D2E,145,Restricted Local Access Road,Single Carriageway
#id4E7D5171-1989-4F2B-853A-5CD8E59C4ECF,#idD505B468-E687-4652-AFA6-3B4A936770BB,99,Local Road,Single Carriageway
#idD4C14472-5B7A-406D-9043-32291B9FCF7D,#id6E96CC1B-B744-44C5-AABF-81CAE852872C,30,Local Road,Single Carriageway
#id2319F933-3156-48B8-B6FC-31AB55684B61,#id5FF175AC-BB5B-4395-9122-F80003F7E348,60,B Road,Single Carriageway
#id52AFCDFE-8DA1-4FE5-81CB-6ABEDC81DDA6,#idC11F4A7D-D7F4-453E-8A19-380708725E50,30,Local Road,Single Carriageway
#id3381FF1A-5D17-4312-AE78-82B371A12E16,#id999EC0A2-BA27-43EE-927A-3A74AA9973DA,116,Restricted Local Access Road,Single Carriageway
#idFC39FBA6-7498-4C56-980A-C48C4F7FBA36,#id8E0C8A1D-FF4F-4494-82AE-CCA345F4289D,21,Local Road,Single Carriageway
#id92B7A2B8-D89D-4198-8011-2A2DBFF0A970,#idA8441012-ECF0-4564-AF8F-A55EBBE4BA43,68,Local Road,Single Carriageway
#idC0567AB1-48A1-4448-B49C-08B80094A22B,#id2FB52926-DF57-49ED-ACF6-E9D11B8103A9,111,Minor Road,Single Carriageway
#idF0CD57CB-9538-44B9-AEE4-237851820F4C,#id5981813B-A6A6-4460-8E21-81202DC0E5F6,226,Restricted Local Access Road,Single Carriageway
#idECE33C48-6D45-4EFE-93D5-95A6C8E18789,#idEE597909-715B-4113-8E6B-90CF9BD1045D,140,Restricted Local Access Road,Single Carriageway
#id034518E8-5788-4A07-B2E3-C011C4379EE1,#idDEFEE0F9-F8CA-493C-A82D-3CE7B288D714,50,Minor Road,Single Carriageway
#id1E904C90-D449-4BFE-9CB9-AB3E081AB5A9,#idE78FB2B5-2A5B-43CE-8E00-9EAC6D82F440,273,Minor Road,Single Carriageway
#id1B106757-8731-4F1F-AA10-287636DFD311,#id6B4A7646-B796-4961-96D3-DD5234EA5D55,41,Local Road,Single Carriageway
#id2895C699-51A6-4612-9DFC-283AF52444B2,#idEA5C9EAD-7D60-4497-A1DA-03E8C2A82696,67,A Road,Slip Road
#idC184E33E-DBCF-412B-9AFC-D799542C1ED8,#id9D2BAE25-1420-4B34-A058-9D6D3896602C,124,Local Road,Single Carriageway
#idE8681FBB-3DB9-41BC-9ED9-5119D19B62AD,#idB42C4A2C-1B1D-4C18-83FA-D3E7F94813A8,18,Minor Road,Single Carriageway
#idC1FFB552-AC7B-4416-BC9E-D99C29CB20F9,#idDE385EC7-D87E-4BDD-8977-6CE1E58F6FBA,232,Local Road,Single Carriageway
#id91A12361-B95D-495D-B137-5AC422351FC9,#id1E3510DF-16C7-4E4A-BAA8-916F4653DDAA,86,Local Road,Single Carriageway
#idA8B93179-3377-4085-9AE7-26D7C31EB145,#id364D7D74-AF2C-4D64-86AB-E4770EC254A7,47,Minor Road,Single Carriageway
#id484544CC-5C45-4EEE-BAAE-9BF423FF48C1,#id578F3A6C-E55B-420D-8172-7C8669956C70,92,B Road,Single Carriageway
#idFB7E6CE8-ACAD-48BB-AC60-78D56539B83C,#idBE2F12A3-6F22-4C65-916A-C517ADC95D75,291,A Road,Single Carriageway
#id4EA5925C-0B2C-49DF-BA05-E505E74AEFF4,#id6EAFEB9A-BB0D-4EA2-B071-8725055D2D21,41,Minor Road,Single Carriageway
#id292032BC-8073-4CEA-A8DA-C23A8F9DCC01,#idA9F24266-AECA-4FA4-9AE1-3784B46D0D24,105,Local Road,Single Carriageway
#id3AF7B7DD-8271-44DA-8F0D-D686876ED514,#idB8CB3442-8C13-4CEF-990C-B59CA7B108B5,95,Secondary Access Road,Single Carriageway
#id2BDA8171-C7C9-415A-A3AE-A4A5760FEDBD,#idFB561E86-4A7C-483E-A3EE-E99BCE123A4F,26,Restricted Local Access Road,Single Carriageway
#id067D5BF8-569F-4569-8715-90F6DC114C25,#idEEC31ABD-BAF0-455C-93E4-4759D82B9FBE,42,Secondary Access Road,Single Carriageway
#idF723E99E-EDF9-49AA-ABCC-0917E6CBD35C,#id40239615-AE27-42FE-8380-8E5BEA4D8FEF,48,Minor Road,Single Carriageway
#idEFED4E4D-9A2C-42B5-87C2-C05B77BA1563,#idBE57576B-10B4-44C2-92E5-1D7FB5BD3633,50,Local Road,Single Carriageway
#id0BEEF58A-ACFD-4C5C-8038-066412E6CAEE,#idBEA1E945-2725-4097-9795-E5673AE89820,203,Local Road,Single Carriageway
#idE22EF0B7-823C-489D-8E98-BDB1383FDF1A,#id81DE6CE0-24E8-4061-A08A-72A1727FC096,90,Local Road,Single Carriageway
#id153F2820-623E-4DDB-976B-865785AB0FA7,#idA5F9BE13-ABAB-4D4D-9423-637E64E1FBE3,163,Local Road,Single Carriageway
#id634E16A1-4FAB-4D6F-AC10-62328BF81342,#id3F976057-ECB1-43BA-B6FC-C702855BB42A,257,Minor Road,Single Carriageway
#idFB4CBCCD-DBF5-4759-BFC8-3CA6E135BDD0,#idB25204DF-8758-4FD1-997B-1CB257F77D41,68,Local Road,Single Carriageway
#id885CBD29-2185-49C1-897B-BFFA90F5E28A,#id6031207D-EC4B-4312-8880-18CFE7205374,37,Restricted Local Access Road,Single Carriageway
#id0E0F8EB7-DD9A-41CD-B85A-DDC0C7A4B94F,#id01771A78-15BB-465A-925F-1699C6D2C1C3,56,A Road,Single Carriageway
#id92D398C3-FE87-4763-B45D-943E857486C8,#idE3035418-6B02-4FF3-AD5C-0D652B035914,61,Secondary Access Road,Single Carriageway
#id6C9452E1-6E57-490B-8DF4-8DFC2748A2F7,#id3FE29760-9BB4-4EF3-BE74-B772FAA3F6BE,88,Minor Road,Single Carriageway
#idA8E288AD-8548-4F74-BE88-7A4CD4C6F7F8,#id597F2D50-51C6-4841-85E0-0E6FA7E82101,202,Restricted Local Access Road,Single Carriageway
#idB6561193-C589-4B7A-9F32-D509BFCDFA73,#idC4548277-9376-4BF8-8BA2-EFD82D1A3498,54,Local Road,Single Carriageway
#id77EC66AC-18C6-4820-B101-592D49FEB80F,#id2FEF4340-6481-4FA2-A586-5DF467D7D762,35,Local Road,Single Carriageway
#id1B48A7DC-E27E-4C9E-A7FC-197E8EDBD738,#id6542DBA7-7DE7-40E6-AF43-6DFE8EC39E84,218,Minor Road,Single Carriageway
#idBE965BA1-24C0-4775-83E1-625D45586EA7,#id90D40D72-9E83-492E-BCD1-82A7CFAF508B,32,Local Road,Single Carriageway
#id0D1CCF0F-DAB5-471A-9738-A11D489E5CAF,#id7F1E03DA-CFA5-46E3-A162-20B7FFB40F17,254,Restricted Local Access Road,Single Carriageway
#idF4066540-A3CA-4832-BE26-47765583FCE6,#id8E828161-B1C7-4F5A-9C66-922A7B41FE47,68,Local Road,Single Carriageway
#id9FC43427-1E0F-4639-82BE-2925F70125FB,#id2FE95E57-5318-4726-81FB-9A93D2AB4F79,50,Local Road,Single Carriageway
#id9AA0C55C-8D7C-4235-A8FC-904DC9BB2B15,#id90C0B600-CCC6-4B5D-88AB-68D86BE2FA3A,107,Local Road,Single Carriageway
#id8C823548-A9C6-401C-865D-9EC661AB2E28,#id5659333E-19E4-438C-8382-C2F002D15DCC,40,Restricted Local Access Road,Single Carriageway
#id95AE66D7-C756-470A-8216-64D89AD36211,#idB4E17261-1340-4664-9BEB-865BA79CB30E,38,Local Road,Single Carriageway
#id32CAE39F-74BB-409F-B147-F0F2688C0BEC,#idD3CA5757-57E5-47C1-85C8-0EA039F43F8A,14,Minor Road,Single Carriageway
#idF708C83D-6051-4351-A03E-50004ABBA824,#id89B77925-C8CD-4CEA-9953-F37AEE0CC484,72,B Road,Single Carriageway
#id6D0BE9D7-CAEC-4248-BF8D-CDC887926109,#id7ECE2D35-82CF-4D3A-9BE4-39D48AB9B3E6,15,Local Access Road,Single Carriageway
#id60D2C571-1DD0-4CA5-9B7E-FC6D6AD5D334,#id651CE223-820A-4B78-885D-196227F4F7FD,80,Local Road,Single Carriageway
#id0DB36D5F-FC05-4850-8ACC-F7C85818F05F,#id2EB47E6F-40D1-442F-8D87-C5118822611E,94,Local Road,Single Carriageway
#id15BA319E-4C77-4E7C-8C8C-3D09DDAB0856,#id0D857789-E30E-4DF0-A250-592B3A7F5DFC,421,Restricted Local Access Road,Single Carriageway
#idCB7E177B-61AB-4A4C-8554-997556413AB7,#idE9F2CA2E-EB90-4380-86C2-54635CF8C6B6,48,Local Road,Single Carriageway
#id3D2D5B6E-69CA-4D74-8442-22E23B6BF3AA,#id20D094DD-CD6E-4A8B-ADBB-8C614276E454,165,A Road,Single Carriageway
#id65959429-CA4A-41BD-B9DC-6BB06FB949EA,#id174D7FCC-2F25-4A03-A04B-D56CA449C300,95,Local Road,Single Carriageway
#id09FDB378-085C-4CA4-BB3A-3D00383FC2F6,#id2390E984-A256-4265-A7D3-9CC08C30C3A1,131,Local Road,Single Carriageway
#id647F5FE1-EA37-43D7-A957-21188BA69C5E,#idF4404F8B-F7B4-491C-B623-F5DD36CAC719,55,Local Road,Single Carriageway
#idF6574001-CA04-4A48-8AC4-6A71BD4EEE5C,#id0215FD15-649A-4997-917F-EBF7EC5290A8,75,Minor Road,Single Carriageway
#id4520FBDF-8CA9-4DF1-9E3F-369628B65C5A,#idD576C2AF-3F05-4693-A58F-3C8CB69B9F7D,202,Local Road,Single Carriageway
#id0290334A-55EB-4281-BECE-AAA601DB650B,#id92F294B9-6CB5-4ACF-9769-719C74F2210C,79,Local Road,Single Carriageway
#id71A7921F-48D6-4D3B-AB1A-F3AE4DEE75F7,#idE62B48E6-A2E6-4688-AC2C-88A0BCED9254,44,Local Road,Single Carriageway
#idBB2CAA5A-DE55-4584-A6F7-AC364C328EF7,#id4B76943A-7198-45AC-A07E-957A4C4B6D86,87,Minor Road,Single Carriageway
#id4FE6F160-F5EF-4CC8-97DD-D76EE0E0B8AB,#id3233E356-7E15-4ACD-A8A8-2009C515B4B1,66,A Road,Single Carriageway
#id0A7A694B-1525-44B4-8838-2BC33453551E,#id12CD3053-ABC8-4C7E-92B6-B31A93354A33,778,Restricted Local Access Road,Single Carriageway
#idD7067141-A012-48C7-90C8-19EEBE7A5EE2,#id2616A513-D30A-4800-8424-1BB997E3C5A0,39,Local Road,Single Carriageway
#id2CF5E781-828B-4AEC-9FDC-B75C3BEECC7A,#idBD38D106-84FB-4853-B7AB-4B95D9F0A00D,225,Local Road,Single Carriageway
#id1E9EA11A-6DF5-428E-A197-037CB649E7E3,#id635E68CF-6203-45BD-AC76-7EEC590FF344,145,Local Road,Single Carriageway
#id162F7883-E6A0-4549-B71F-ABFE1A3D2235,#idF38DC77F-28D6-4B59-AD14-4A1140690C6E,33,Local Road,Single Carriageway
#idA20D80AE-5D71-452F-99F8-20AB8E455AAC,#id9087DDB3-3E28-4FD7-9C08-7A39330BE172,497,B Road,Single Carriageway
#idDB2DBEEE-8C67-44D1-82FA-4A4421189976,#id4B3C7A7A-CA82-4DA4-AD46-51C3B7F94084,506,Minor Road,Single Carriageway
#idA5F55C97-3440-4401-A71F-5466DB02B262,#id2D535B2B-BFA8-4C8A-8EA7-41031F41E4E5,138,A Road,Collapsed Dual Carriageway
#idE9BC7259-10BD-4B1E-B921-EB500595AD64,#id5EAA9058-8CCE-4510-8CCB-CC4F2FA31A7D,100,Local Access Road,Single Carriageway
#idC39CF54E-A0D1-4BF3-81EE-968E01E03477,#id0C9C421E-17AE-4ABC-BE64-7A0EA8E97BF2,179,Minor Road,Single Carriageway
#idD168C82F-291D-485F-A5F1-12FD190D81E1,#idCC9179B2-2C59-40FF-8BA0-AC91756B0543,59,Local Road,Single Carriageway
#idF2976330-BC63-45E5-B265-18953ADCDC7B,#id24B38619-1F14-48FB-8E80-9A2CF256A98A,56,Restricted Local Access Road,Single Carriageway
#idE5C62788-7AFD-4204-81E7-0C3C4E6D0409,#id2C346F2D-D94C-48C5-B7CB-16DADEA21949,57,Local Access Road,Single Carriageway
#id85AD5493-FCE5-4B29-8528-FAEC9B415D9E,#idEE211F34-2057-42C0-A2F6-2FE757C247AE,92,B Road,Single Carriageway
#id628D68D3-7DBA-4750-938C-30FACE2601C2,#id9E57F123-86FE-4141-AFB4-3D3B12642BFC,94,Local Road,Single Carriageway
#id484CDFAB-3BD1-48FF-A2FC-F604C9CE162E,#id3A729D61-EC26-4743-A377-6DE27230A1CC,127,Restricted Local Access Road,Single Carriageway
#id9E575913-5FF6-4F64-9FBF-FA8605796FC3,#id52BE8BAC-A135-4B61-96C5-F56A41ED3D21,46,Local Road,Single Carriageway
#id215AB515-BD5B-415A-A0D3-0606576B2176,#idD4366C1D-3A6A-486D-A025-484B236E76D9,72,Local Road,Single Carriageway
#id1BEBCCDD-FBF2-4B56-9D8B-0057324B4D3D,#id64708F23-2B1E-4F21-83F2-F8A6B08F678E,104,Minor Road,Single Carriageway
#id2D22501E-7435-4FF3-BE18-B03AD15920FC,#id0563152A-B728-4179-BB7C-A239E3A1F880,41,Local Road,Single Carriageway
#id1CF3FE23-3157-415B-AE80-3BF71BEA78D0,#id41282233-4817-48A3-BF16-95BE12773776,50,Restricted Local Access Road,Single Carriageway
#id394BDFCE-3A82-4633-8E61-2B00757C9BB9,#idD04F758A-DE61-4AF6-B21E-14C9FFDF18D9,59,Local Road,Single Carriageway
#idC0A93E74-77C0-4D71-886F-B73E0D8F8F04,#id382D9F3B-DD13-4B6A-B477-0BC6065310ED,221,Local Road,Single Carriageway
#id576EB869-D521-473C-9930-5A67A1E45254,#id0DCC55F6-3815-4F41-BA37-AC9155AB466E,110,Local Road,Single Carriageway
#id683A19E2-C282-469C-B0CE-A49E6C7AC6E6,#id57BF50F5-2F4D-495B-8C2F-34A552F30730,1289,Minor Road,Single Carriageway
#id4496A295-8B26-469B-A7EE-3258773552FF,#id7DEF6B37-2DA4-40C7-B470-449592F0D718,449,Restricted Local Access Road,Single Carriageway
#id0E3A3E0A-43EF-4E02-B3C1-B2BFEF27CC1F,#id29453AF2-3015-48E4-A556-7997CF5AE212,64,A Road,Roundabout
#id301DE922-AF43-4AA3-A25F-E81BC616D23E,#id8462054B-CEBE-4EC3-A2CE-853863EF8010,63,Local Road,Single Carriageway
#idCB0E8309-C477-46EB-9611-9ACF73691409,#id490B6FC8-7615-41AB-BB42-58A857EC0EC5,60,Secondary Access Road,Single Carriageway
#idDFA4BB03-0F13-4E92-922F-2343E66983EB,#idB3AE8AE7-A3BD-4CDA-9951-AC69310A9D59,19,Local Road,Single Carriageway
#id4271EC25-3B5F-4149-AD73-993E30A0013A,#id71162745-7EE9-47EE-B232-B58D26E737B2,102,Local Road,Single Carriageway
#idBE6244C2-CB20-42CD-AC5C-A0F98EF26690,#idDC994A3A-73BD-41FC-9A39-8D9BDD49266E,63,Local Road,Single Carriageway
#idE9EF0B6E-6ACF-4DD7-9644-83963A8498F9,#idCDE23702-CE55-43B4-A8A6-5AB435AF9E47,72,Local Road,Single Carriageway
#id47E954AB-5F12-4DD1-A5B2-24C66019A8EA,#idCB4F13DA-3FFD-4A8B-93BF-300D9CABF54B,122,B Road,Single Carriageway
#id04B1764F-FA32-4755-B961-394A9B76F145,#id75130F6A-2F0A-4B7E-8ABF-EFB3D6CF1F5C,47,Local Road,Single Carriageway
#id9F472313-E4E8-496A-AD45-EAB5F50BD72C,#id6E330F6B-50ED-47DF-AF3E-DA98FCAFED1C,89,Local Road,Single Carriageway
#id7E5C47EF-E5FB-4535-AA0A-E2354D537538,#id7774B0C3-45A7-4E70-BD2E-9018AA4BF4B8,133,Minor Road,Single Carriageway
#id8A342F91-B06A-4F20-99DE-6B51D173A6A6,#id71BD7EE7-72B0-4516-A108-0AA6AD810867,130,Restricted Local Access Road,Single Carriageway
#idF19BB73C-F728-4098-8041-A30DC19C9643,#id901F34E3-522A-48C1-A2AC-2D5E6E08B2D8,261,A Road,Single Carriageway
#idE603C05B-507A-40C6-AACD-39385AAE0DFB,#idD0C77448-1FA9-4F6A-9B0B-A4671264D2E2,19,Local Access Road,Single Carriageway
#id15800423-05AC-4F71-BF2C-526FE00BD5CD,#id6A84ACF8-C9CB-43CA-81F5-0959F44D267B,22,B Road,Single Carriageway
#id734FDEBD-8866-42E6-8D47-9D69528DFBD3,#id088127B4-BB96-41F3-B615-6857B0578A55,15,Local Road,Single Carriageway
#id6E7CBDF0-A1DD-4A40-ADF8-0D8C76055C04,#id34945CD8-02DE-4EB0-9F3F-0780AE5FCFAE,75,A Road,Single Carriageway
#id7DA677C8-471A-471B-B4A2-199FBF643229,#id6D7A5165-67DF-4EAB-9DE8-0CEDCDC53403,680,A Road,Single Carriageway
#id4148D2E8-EA81-418D-970D-CED3DF1A2DD8,#id34E10FE1-A5EC-4670-A9BA-336821CD7051,34,A Road,Roundabout
#id43E34B52-D2BB-4B20-996C-1932183F60DF,#id96309548-03FA-402B-ABA7-37690BA59279,62,Local Road,Single Carriageway
#idA1A1CA80-C924-4D69-B92C-1E9BEE8F4104,#idFD6EA0FC-502D-4A42-A0E4-783DACEDD22C,66,Secondary Access Road,Single Carriageway
#idE2953DF0-39D1-4760-AF25-57F8B88EF5F1,#idD64DC769-1103-4639-8EFD-4884A67DFD0E,265,Local Road,Single Carriageway
#id294CDAAC-5CCF-49A5-BC92-3D5F55475175,#id813839DA-D85C-42C4-8734-5C7FEA153D19,27,Restricted Local Access Road,Single Carriageway
#idD232A69B-E388-48D0-9D8C-B12074715370,#idD8A2BF40-1713-4F3B-91B0-85AAF031F886,49,Restricted Local Access Road,Single Carriageway
#idB98F8303-F1CB-4567-9882-5372767F0763,#id4B1927D0-5BAF-4D77-A9E9-540B9EDE51B8,173,Local Road,Single Carriageway
#id7A5BC13F-D703-4050-A1B6-1A649F28BF35,#id1A2C1A32-799E-4F13-AB04-5D5061AB9AF8,186,A Road,Collapsed Dual Carriageway
#id7DB7B565-1654-4C59-9C5F-81A17B68014E,#idADA3226A-489B-4F4D-83A5-8FDDB440F8E8,24,Local Road,Single Carriageway
#idCA04F401-F54A-4689-90FB-1EB5356B6939,#id3C4FC940-5CFD-4FC2-AEA0-4C1896353EAC,10,B Road,Collapsed Dual Carriageway
#id7194BB21-0830-462C-8EC0-DBFAAF482D1D,#id98ADDF0D-3F38-4AF3-9135-3F3E91A9FC67,82,Local Road,Single Carriageway
#idC016EE8F-7D07-472A-A202-F11522A8BF4B,#idBD38459E-7D77-4979-9104-BB555FDD32DF,87,Local Road,Single Carriageway
#id7D047D33-AF93-416F-99C4-2DAA0BBD29CC,#id4E853583-4F03-4855-9B26-C539FE815DA2,158,Local Road,Single Carriageway
#id2FCEA9C9-0B7F-4B0C-900C-5BEADDD7D6B0,#idEB0EBAB0-6FA9-400E-87F7-EFC41FBA7D5A,19,Local Road,Single Carriageway
#id6828C837-EB3F-4444-AAF7-FAA410050038,#id7C20DAFB-751B-4D0C-BAA9-D367AB774ED1,95,Minor Road,Single Carriageway
#id21B2BB85-21C1-4EF2-801F-11093F6193F5,#id90979271-7E59-4E49-BF25-24DE824AFB24,85,Restricted Local Access Road,Single Carriageway
#idCBCDFF5B-0663-45C3-A137-F067A08D36F6,#id68C3DDF9-D127-4C90-99C1-D00468C93685,50,Local Road,Single Carriageway
#idDDF926AA-1FA7-47E6-B3C1-97CF88D04802,#id564A0EAE-62A0-4122-8993-5BFE6B8ED42E,162,Restricted Local Access Road,Single Carriageway
#idDFDDBC17-5CE8-4F95-9285-2F5E4A904B30,#id8F4C4AE1-F693-4ABE-A70C-C2BBB46CF84E,317,Minor Road,Single Carriageway
#id9D8728C0-C3BE-4012-B744-9EC206D99337,#id81D25410-123B-42E9-A3C9-4CB9B01A349C,40,Local Road,Single Carriageway
#idDC5F3DAF-03A2-4612-95DD-D3FCD352D27E,#idEB23074A-6258-4DE8-894F-AF3FB932609E,155,A Road,Single Carriageway
#id9148D948-218F-45E2-AB83-A1FDC968A4C5,#id65F29790-D090-4A16-958D-7D15711BE3CE,285,A Road,Single Carriageway
#id62465D34-5719-4F21-B4D6-3D90B48C8825,#idE6505EA5-DDE8-4866-BF95-465B4A45D43A,121,Local Road,Single Carriageway
#idC9CBA783-C3CC-4D71-86F2-2114F75E49B2,#id1ECAE2E6-1467-4C15-BFCA-BE72E8563FD4,57,Local Road,Single Carriageway
#idAB312C34-DE76-40EE-86BC-29C89239E1CF,#idBBDF8A65-C167-470D-836B-BC0035204966,183,Restricted Local Access Road,Single Carriageway
#id0941BE7D-F46A-44FC-AAF4-F51DADCDC08F,#idA2C41E34-D5A0-4C88-96D9-1D42B41879BB,93,A Road,Single Carriageway
#idC51BB5A7-9AD8-4CF7-9F7A-E0CB8E8A21ED,#idBB0E8341-B2AC-47CC-B653-BA012D9DD0E8,149,Local Road,Single Carriageway
#idB144DC1A-74E6-4565-ABE9-C43B0FEA3951,#id7F0B5C23-D0BC-4A00-BBD8-E5E22E774EFD,101,Local Road,Single Carriageway
#id84B464A1-5CF5-47B8-9DA8-32C04A25BE19,#id988AC9BB-C591-4C8B-AA65-80871BEE7FB7,22,Local Road,Single Carriageway
#idEEEB3A3F-4961-4B90-9DAB-372CB74105C6,#idE697A446-2D69-445A-A90E-6BFB78B2B5A2,40,Local Road,Single Carriageway
#idC6DE315A-9C15-455B-A930-7A70DE20E311,#id8BB6A341-7D8C-4C96-842C-A7288111FC58,44,Local Road,Single Carriageway
#id18677915-A021-498E-B766-BD4FA591543A,#id9E6594A8-BB1B-42FE-9307-A12605595577,60,Local Road,Single Carriageway
#id3A06118D-5CEB-4E92-A410-BFAB783C6F32,#id6A12EE57-8DA9-4755-A486-49AE15EE3D55,157,Local Road,Single Carriageway
#id4E6F044A-4D59-452C-8D0D-A3A8B24030CC,#id96E848ED-0522-45BF-99D4-E6E1E63FDC9E,1510,Restricted Local Access Road,Single Carriageway
#id4F45FDE3-F939-440C-93AA-13ECB6BA8068,#id0A740A82-32A7-4478-88D6-0B5638B8E732,29,Minor Road,Single Carriageway
#idD0B8D1D6-0000-4E59-8A2A-23AC77E4D72A,#idCF154AD3-1145-4643-B860-330476A333FB,53,Local Road,Single Carriageway
#id85D03EB5-6CBA-4214-9881-5A93049D7123,#id280D276D-64DD-4220-9908-2F6C9E26DE60,718,Minor Road,Single Carriageway
#idF28B6017-7F03-481B-B4C4-C572E829B9AB,#idE3A0F735-D299-4DEF-B88C-27516480CFC1,38,Local Road,Single Carriageway
#id3A463ECC-983D-4AF6-B90E-E8EFBE5C8764,#id6D0A72DB-AAA8-45D0-8216-5ECEA5E6C5A9,27,Minor Road,Single Carriageway
#id34485BDD-1915-4384-931C-AE1DE080AE87,#idBA612366-8DAD-46BB-A333-70F00D631712,61,Restricted Local Access Road,Single Carriageway
#id288CA5C2-EE29-401A-B512-651891299968,#id151F1A24-04DC-4CD1-85A9-09CB34E2C846,133,Restricted Local Access Road,Single Carriageway
#idF7406A9D-FE12-4520-BC72-58F7D81A5D1C,#id4D04ABCA-1BD7-4E6A-ABFD-2CF201EACECA,140,Local Road,Single Carriageway
#id7D57847F-723A-47F6-8EAD-ECDAED3A14D1,#id96C16A1B-76A4-4DB2-9E79-37FFD2FFA6E9,344,Local Road,Single Carriageway
#idD1220B9F-A065-4027-9BC6-9839715FEBDA,#idF94D41D4-3D35-4EE3-A818-14C5A7B63F62,282,Restricted Local Access Road,Single Carriageway
#id3A420E54-1F62-4898-A835-6D5C4EA87299,#id05B46DAC-E200-44B4-8E9A-D06B58A42CCF,149,Restricted Local Access Road,Single Carriageway
#idC4B5C1DA-7815-407B-A2BE-26D25AEE5404,#id3CBF4884-809E-43FE-B118-7BB7BCE2FC11,181,Local Road,Single Carriageway
#idA8AE2FE5-6485-4112-8B27-66882D3B5FBD,#idB68566AB-2097-453C-94CC-20D2D5080619,91,Local Road,Single Carriageway
#id0D0C965D-AEE5-4586-B2AA-430A20F79647,#id4C7CD516-9974-4B5C-A6DA-5352FA3D0A52,203,Local Road,Single Carriageway
#id3A51E7D0-D8FA-42BE-A459-8BE373E3F362,#id21D594C7-72B1-46DF-AD70-C3586867D763,74,Minor Road,Single Carriageway
#id6455B046-A9A1-421B-A4D5-137EEFB31D43,#id34ACE799-44F4-4FAA-AEC0-CAD341A40082,42,Local Road,Single Carriageway
#id3E911D46-9AA7-43E7-9631-15B9EB1DEAD1,#id2793F710-3610-4D3F-8B00-8971DDB13C30,43,Minor Road,Single Carriageway
#id593FE698-E798-4D43-BCC5-B0B217261261,#id685C863D-230E-44D9-9B90-BAAB6F7CBFD9,76,Local Road,Roundabout
#idF68029CA-6262-4FC8-806B-FD3E8AA26B0F,#id7589B226-0385-4A1B-B119-80A2D335114B,286,Minor Road,Single Carriageway
#idC2F6092F-E061-49E1-BDF7-DEEFE0C670B4,#idD1CB1BF5-5B17-4D34-ADFA-49C4A2E1AA6B,60,Local Road,Single Carriageway
#idC475318A-33E4-45DC-9B0A-12612AE69DE9,#id6CEC8379-F9FA-4D19-9106-1E655CFA5814,125,Restricted Local Access Road,Single Carriageway
#id8E36E9F8-678E-4508-B64D-1A23857E17DB,#idF8F4ECD3-5AC9-4C3C-93E0-0D6DE49D9B22,353,A Road,Single Carriageway
#id0D09D76B-6D1F-4306-866E-9554DAFEF563,#idA143A5D4-C5A6-472B-B358-369A25336032,111,Minor Road,Single Carriageway
#id2E473AD1-705D-405D-8AD3-0879DD132C9D,#idF7DA691F-2F3D-481C-AD07-26BC14C4225D,71,Local Road,Single Carriageway
#id5AA54D34-06A1-4685-8EC6-57582658E7E5,#id7ADE5A32-C3F0-48B3-9057-33F9BBAD0165,38,Restricted Local Access Road,Single Carriageway
#id8D118A8F-10FC-4F47-867D-4AAAF04F9D37,#id14302822-27EB-4B8A-B2E0-18A5CBC03C47,56,Minor Road,Single Carriageway
#id66147FEF-5AB7-469E-9059-E8BE4BD08E06,#id4808444E-E5C8-4C81-9080-397B9EB4A2AA,295,Restricted Local Access Road,Single Carriageway
#id11FCF435-268C-4039-BC06-22C8461E54D4,#idE400AF8E-91F3-452C-BA42-09540BB14E14,49,Local Road,Single Carriageway
#idD160E07F-EDB4-4E01-92A1-034F95160725,#id235C1540-1517-497D-9057-01287E20B1FC,61,Minor Road,Collapsed Dual Carriageway
#idD1D08D3A-F46B-42C1-97D8-1FE44557D4B6,#id0B621763-0DF0-4467-A2EF-9B5F360C75F7,6,Local Road,Single Carriageway
#id46A39B1E-1F04-42EC-9444-60160D54BC31,#id00DAF4A5-6384-4043-A011-431C11DB53A2,161,Local Road,Single Carriageway
#id0851485B-1B42-440D-B41E-8C59BFCF4D37,#id95059641-5690-4F9C-A030-583AFDB6399B,198,A Road,Collapsed Dual Carriageway
#id85AD175A-DCAC-4745-98C4-5A5058A59A19,#id897199ED-197A-48C3-AE93-64B1FBCD3783,40,Restricted Local Access Road,Single Carriageway
#idA0974C4D-E255-4C16-82E9-98F40103BC94,#idC5950830-EEAB-4C0F-810E-6B1442D1F405,665,Minor Road,Single Carriageway
#idB8B2EA10-3FFE-406C-8A67-6DEAF7119B8C,#id22D1170E-9732-429D-AA07-3D6C237A957E,101,Local Road,Single Carriageway
#idA759FB1D-1F75-447D-A41D-CA9616B22545,#id0B9F7D55-2854-4F40-8BC1-5F95011A2FF9,481,Restricted Local Access Road,Single Carriageway
#id548C1954-3DC7-4395-910E-45713086A90E,#id6DBC0D7C-B3A4-4DD8-B3FD-08C3B91FA455,127,Restricted Local Access Road,Single Carriageway
#id166CE648-9DBD-4F77-9CBD-C175056C7C74,#id9546380C-68D4-4D52-BDEE-3619DE9F8CDD,138,Local Road,Single Carriageway
#id4CD2FF54-A70E-4909-BD53-65BBA6A1EE8C,#id0BA5E767-2269-4C53-B51F-5B19671355CE,30,Local Road,Single Carriageway
#idC067FAD5-2D90-494A-A068-7A088DBDDF97,#idF8558556-4B99-4D5A-B153-9A51AF0AB45A,28,Restricted Local Access Road,Single Carriageway
#id4B0CDA36-5E56-4807-952C-F4AC4511B283,#id02623CF8-EECC-4584-AB52-3B8A2131BE31,34,Local Road,Single Carriageway
