,node_id,east,north,type
1876984,idA5FE1361-7E5D-4800-80B1-8A296D1443D9,562275.5625,161499.7031,road end
1842748,id2334C6D4-549E-4D08-AFFF-5DDDC000A7FF,570526.75,181930.7031,junction
507737,id42DC28CA-915C-4C9B-87D9-0D8485242109,284159.0,689458.0,junction
196106,id1534DD5D-9BCD-42BB-B0A4-7F571FB3CAE9,525906.125,307891.4063,junction
1327109,id39790330-4398-4E88-BD9C-21695546C4CD,388778.0,396686.0,junction
2865712,id7A485B7D-E201-4F2C-ACEA-445D135D256A,415870.125,281128.3438,pseudo node
1819469,id2E850C26-C490-47D8-9B27-40B0CBA53ADB,572120.0,107205.0,junction
2134969,idAE7E6411-7894-4581-B7A6-C1BA0DA5904D,508199.0938,176878.7188,junction
2878474,id29AD5881-65C0-4098-8B89-D876BAAF654C,415353.25,278619.2188,pseudo node
196868,idEB42BD11-0695-46D5-874F-1007C7B93502,525914.0,330005.0,junction
960005,id8D752214-84E4-467B-9605-0BC478FC1486,455002.0938,430531.1563,junction
1046488,id0EE6FBE4-E396-44FD-BC1B-218015F010DE,415146.25,432614.875,junction
744073,id2040AD9C-9225-421F-AB08-A42ACEB4F42E,532373.125,272316.1875,pseudo node
905916,id75A17450-402C-44C3-9F1A-62D8B6B8A20B,439336.0938,471231.3125,junction
109004,id718B9F8E-14D9-48AD-8110-0B48466EAA23,280144.0,60528.0,pseudo node
2257021,id92EB6690-DD14-4FD2-A946-A97E89894EE2,436386.2813,389123.9375,junction
1385729,id35B1378D-19D3-40F0-9DDD-6DF154A6B408,334272.5625,390285.375,junction
1441325,id93DC695B-5CAE-428B-96DF-F9E0CB252077,337935.4375,362397.125,roundabout
220387,idDC6AEA87-5481-4865-80BA-A88E3161F03F,419168.0,612541.0,junction
2852605,id9D0422A9-7F0B-4C21-A73D-F83019FA9295,437216.5313,294698.4688,junction
2636061,id1EE31914-FEB6-4D82-A1F6-33C61F62B2F2,428613.0313,531610.6875,road end
1759684,id28BDFF13-9B1E-4C5E-AF7A-D6B9AD1D1242,627483.125,236016.1875,road end
641708,id282DC778-6789-4902-A464-B05732DCB3A5,510491.0,433065.0,junction
620153,idCFDD5EF2-817E-4395-A28C-CF5E5C7E6852,406496.5938,91652.17188,junction
2129715,id98C32832-4AAF-4394-9B65-B2A183A72FFB,511507.0,173189.0,road end
4098,id9DE521D5-4F0A-4EE7-8D4C-3AFA4EC0F93B,394481.4688,861637.0,road end
986992,id25E59A69-2B23-4077-A58F-4A666353E66A,405438.0,428388.0,junction
2370859,id6AAA7299-86E4-4C07-9079-2747B870DFF8,458862.0,312345.8438,junction
570489,id99EB0450-A2A5-4C71-8638-BB14018118F9,247018.7969,622194.1875,junction
663244,id3E43C9D6-0324-4626-A877-6CC49E4A5221,506824.5,421167.9375,junction
535222,idECB26DAC-6DB1-4B78-8ED6-0ED2E7DB1C76,264863.1563,664277.75,junction
1048714,id45AB0E93-94D4-46C6-999B-D9197A98975D,416587.5625,435683.4688,junction
1760180,id33EA216E-9F22-4389-AED6-EED876FCDF8D,628112.375,239380.2031,road end
2220969,idD9C18F4A-4F17-450C-ACEF-1665C699E02E,385169.0,546795.0,junction
751311,id339C752F-6FBD-4832-AF10-5E407D8F756F,528552.8125,262475.3438,road end
1918464,id23563539-9752-4FB3-AE5C-1088CA7DD70E,540454.0,188580.0,junction
2271512,id71072C2D-1C3C-4A3C-B5A4-18524AFBB564,446424.0,381880.0,junction
3087791,id770157B3-D22A-4EF6-9F48-6B2704AFA11D,272567.4063,860130.625,road end
2768732,idDEA14510-278D-48DF-BBE7-805058FBED99,492639.8438,234832.8438,junction
265900,idB7DEA560-0C72-4500-B542-8D22B86DE537,189040.5156,53865.46094,road end
2784200,id55BB4EA3-785D-4047-A68F-4D2E31FB9ED7,476147.8125,210474.0156,road end
2505089,idE8C8ACAD-5425-4CDF-900F-8BC3F4DB6983,372762.5938,219198.4219,junction
2960098,id1793ADDF-0174-4893-9B31-950BAE313970,304421.0313,688955.25,junction
1303296,idDB01D1DC-9BDF-4B11-BDAD-2C62C37BA543,244912.125,376115.1875,road end
1772505,idC22206D3-D3EF-4A1F-B7B3-8D757A58F8C1,614348.1875,242672.2969,road end
811810,idCE0F1BC3-9F07-4A9C-B95C-1DCDF1C7F3DA,520246.875,295954.3438,junction
929239,idB61A4C34-C0D1-4D77-87F4-CAE1687AF220,419069.25,485884.2188,junction
2955524,id238F5866-C8B8-405F-B176-F89AD18DC4FD,312655.375,672659.0625,junction
2590648,id8DE99B37-7430-49DA-92EA-E24D0F658B4D,431363.0,570967.0,pseudo node
887937,id44272DC3-7F86-48E5-B845-1679FFC17E3F,302467.2188,712193.5625,road end
1796272,id8C2C9143-88F0-4608-9726-4979B91FB7EA,590255.3125,163699.625,road end
1349083,idDDD031B7-C18E-4B19-84CC-6C09F8042E46,377827.9375,396278.125,pseudo node
1540898,idD66A77AE-5E96-4B4B-B355-DA3D283F1B45,351707.0,313340.0,road end
1480528,idDF66FDD1-E555-498B-999C-21E2B3E64624,375772.0,360984.0,junction
2916109,id1568E1E0-E6AE-479B-9602-C3CDD7524D1A,403518.3125,293026.4375,road end
2502689,idACF1DF95-09FB-4F2A-939E-91C09F30F594,380677.0313,214529.2031,road end
158812,idA9CA60E6-6E29-4A1A-A9A9-D4CAF6F45E85,554321.1875,364709.5625,junction
1553013,idE9A1AD59-57DF-4EB0-ADEB-A52D10AF1707,340138.25,306065.8438,pseudo node
2377802,id4B4B82D5-6CE7-4F66-9982-2DC53DBB4AA1,447666.0,336833.0,junction
2885006,idAC4E20DF-C733-4E12-BE5A-79EDF2AE2368,430199.9688,271396.8125,junction
2228694,id089E8D92-32CA-442A-9469-0B5B58EBF079,351578.0,531148.0,junction
52361,id67A3F389-D885-49E1-B5EE-73843E4461A8,301608.9063,847299.9375,road end
187710,id6FD99FC3-A102-4C78-A09A-744DE65D0369,562410.0,320307.0,junction
83951,idE2C719BE-659A-47A3-B311-795A89D68529,365275.0,800322.0,junction
121106,id531A0E22-95B8-4E85-94A8-E0470997BF20,255430.5625,61878.07031,junction
1229729,id4B70C915-DA54-4F98-A32E-0A68DCB7B0F4,439452.0,115963.0,road end
1526142,id395E36A4-1D8F-4E8F-B7DF-66013D9BD4E7,370005.125,307049.0,road end
306645,id4AD62F3D-A6C2-4CE7-B1F6-EBDA08EB7AB9,331509.75,442553.4688,junction
2935630,id15330245-B3EA-4B0A-8199-D76E26703079,408368.0,267721.0,junction
103953,id925E889B-D47A-4EE0-BCE2-9FAB663CBE33,286132.875,68146.0,junction
2810004,idB8EBD754-EA24-4EFA-9015-6C207E4EFF7F,474443.0,263799.0,junction
1513406,idF4357CC0-B08E-409B-A37B-4F71BBC73081,398811.0,302773.0,junction
1042426,idE8135E07-E45F-4EAE-8BC5-926E7A57C475,417358.0,415960.0,junction
1594463,idCEF8D302-4EFC-4536-A434-EAE074D2F718,385266.0,155145.0,junction
1532341,idC08DA66D-B6D4-4E5B-B1AA-9A21457613D7,381505.0,346345.0,junction
689850,id305816CF-E928-4547-B28B-1E4740FEAC7B,587078.0,242609.0,junction
584852,id88613557-B70D-4C33-B114-475DF3588669,227262.1094,642870.5625,junction
915153,idE3B6A49A-EBE6-4CAF-8242-402C73065DCF,468223.125,469277.3438,road end
2610619,idFDDBC272-36CC-44F5-B23E-50928E5D01F6,439222.0,558599.0,junction
1722442,id08522906-BA6A-4C14-AE3B-698A1A7F24E3,313949.9063,194512.0,road end
1973115,idDDEF815E-0037-4A58-96B4-0172CE82CFDE,530933.0,191587.0,junction
315073,id053CD906-8838-4F48-9EB8-93D9626788C5,328767.625,485529.1875,junction
2258098,id29267660-BA03-4AC0-831D-0CDCAF7D2131,430715.0625,389655.5,junction
3107365,id78A09232-D3B8-421C-8957-3C373A3AE2F7,200330.9688,554395.875,road end
2212113,idDDF8B7B8-890C-4FEE-B7E8-0DD48754A432,302287.4375,517005.4063,junction
1114126,id9C6E575A-C327-4884-BBB8-5D169675CB41,474567.0,171707.0,junction
2469075,idF567BA0C-C503-4E8A-892D-B6B4AADC2896,394713.0,289749.0,pseudo node
2971055,id7718D23E-4D14-4456-879C-CEEFC7F0E017,320822.0,675838.0,junction
2344531,id977135DE-C502-433B-839F-6E10181B45FE,457112.3438,340340.875,junction
2032541,id2AF6D61A-4D8B-4995-B275-594AC3C43C15,563428.0,100906.0,junction
318230,id0BDF73FE-10ED-4412-97D0-CE707E08DF9E,327996.0,494016.0,junction
2362808,idA45D2A05-D9C9-49F9-82D1-4AEECCCAA879,459598.0,301446.0,junction
974064,idA4238010-B3F9-4F1F-A666-B88DAB177DF2,461202.0625,430093.1875,junction
2088688,id6031D96A-76FA-4F3F-BBAA-D82F6C212B43,501650.9063,102226.2578,junction
3002140,id12F580A0-90B3-4FD7-8123-A1C06AB90CA7,349502.875,635422.25,pseudo node
166582,id8A120384-61C9-4BD0-97E7-6CF6262D0768,533503.125,375113.3125,junction
277094,idED876DB8-F4FD-4DB1-875E-00260D67ED66,169600.0,42686.0,road end
3110909,id700D6C04-AA12-4BF1-BB3A-EA66D92F9076,298306.1563,519197.1563,junction
945026,id2265A22E-27B1-431C-852C-D76B11CA46DD,427913.3125,440141.9688,road end
2995170,id43ABA5C4-F646-4941-AF74-FC53CE27F004,385517.125,654628.1875,junction
723485,idE9587ED3-CFCF-42A4-A8A9-43546738940D,553378.6875,223581.8125,junction
1733182,id3E1925D0-F0AF-485F-A732-AEC00D03761B,335614.5,116977.1797,junction
1343135,idDF265403-2EC1-4C4B-857B-678D6631D864,382287.0625,394875.2188,road end
2664385,idE93F8E17-51A0-451F-9E06-416A5260EA8F,422227.1563,538016.0625,junction
1127531,id9A1E6D57-7A9D-4AB6-A22B-A21B01F9807B,483420.0,165144.0,junction
1837827,id51CF34E4-1F1D-4C49-9639-118296F204DC,576496.3125,193060.375,junction
1398873,idC116FB67-C642-45B0-9974-8CD62E7096CB,398061.0,397450.0,junction
1433927,idF74B48E7-BC91-42DD-B62B-7110AC2C8587,338654.0,373600.0,road end
2054318,id3F3AE919-12D9-438A-8965-A1D8676D25AC,516836.0,172305.0,junction
1825384,id2C207550-A4E0-4A0E-98B1-9C795D08AA8B,594026.6875,185006.2344,junction
1304565,id539BABB9-5706-4316-98BB-E0415460CE2E,234654.9844,391890.625,road end
1615522,id4FEB34E7-BCCD-4C52-A12E-23D35B9DD05C,367316.0,180324.7656,junction
192184,id8DA1DF85-BAD4-4F9D-B300-7B9EB1B9BAA0,547989.0,313142.0,junction
326643,id4CF8C6AB-9D25-43E7-B033-43AF9C5DE5BE,360850.0,478999.1875,junction
76937,id0C0F6861-1C35-4EF1-8717-5D67FFC02428,389207.0313,806655.1875,junction
1578433,id97549BD5-6F9E-44AD-AA6A-25D2D8223BC2,398217.0,104747.0,junction
2287381,id79BF230B-8610-450F-80A7-39B8DB1E8B5D,452954.5313,362172.125,pseudo node
2660197,id663800A5-8C60-475B-A5AF-3475E3455688,420988.5625,557226.125,pseudo node
2819779,idB5AE1AB8-FBAC-43C8-9FE7-B75F47A0430C,469317.0,234011.0,junction
2919492,id89203C33-B2E8-4479-A643-D8BEC9C01FF0,402820.3125,285970.75,road end
2487580,id86321ADF-E89B-4595-B979-AC2215585AF0,392176.125,237390.3125,road end
3008439,id5F1DA6AD-EECE-410C-8F52-3E3207A6D762,311306.375,636495.5625,road end
323129,id564798F6-0EF3-4497-AF3B-7B48FBEA4072,387746.25,447977.6875,junction
756291,id299A15C2-F668-496B-B340-5BD13E05EF6E,565233.5,277802.5625,junction
1691,id12BA0B89-BB40-44EE-9345-F57A7CAB3B35,315849.0,867124.0,junction
1013301,idBDECE271-A741-42E2-8DB8-08A9084CA57F,439030.0,411420.0,junction
2457221,id7E73B676-5D55-48FD-B523-591DB25B51BE,392440.3438,256114.6094,road end
1114904,id8BB69C33-0435-4C75-8F0D-47C96F653509,488825.2188,173040.0938,road end
3090050,id13AD0B43-3923-4EE9-AA89-02B1E3D18DB5,272485.0313,846371.125,junction
883320,id79F82F95-D357-42C4-9D54-57FD3C97D774,357792.0625,704352.4375,junction
322811,id5FB2935E-C06A-4E8F-A3CB-965D975CD7BD,387995.0313,446564.7188,junction
1960982,id95391243-FCFF-4244-A57B-D0ECDD816505,531924.625,197607.0781,road end
2837800,id4E1C64BB-C05E-4D90-A040-4CD947412E47,434836.375,232372.9375,junction
1092333,idBC60A85C-347A-4005-8FBC-7122F7E091D2,498384.7188,144272.7969,road end
640518,id0A40C07D-AC13-4472-BFB6-6A7E16E9541D,509099.0625,433627.1563,road end
180123,idB1D6DAA3-0D9F-4FB9-9E83-1655D8B4270F,573705.5625,343315.7813,junction
628305,id46A1F88D-3263-427D-95C2-C162733EB011,518576.2188,468843.375,road end
1911641,id41C57CEE-0CE1-4BBE-8D02-90977B2FEF52,542241.6875,181343.4375,road end
1699539,idC626694E-2298-4F34-ADC5-403002C9B7A9,312747.0,168386.0,pseudo node
1721234,idD9381AD7-05A0-483F-A35A-4E710C173555,314986.1563,178856.2656,junction
1605047,id9F1F736E-E8B6-4428-9D6A-F11B2A1127A7,375633.125,127390.6719,junction
378432,idBEA19E31-2C52-4A0F-B7E7-97B62F660829,359773.875,413834.5938,road end
3057410,id61A5E67B-9E6D-45CE-827E-8EFCF901B79A,235325.8125,111498.4766,junction
1680671,idF1E9A732-A451-48D5-B50E-9F56BAD0C087,337893.625,161293.625,junction
2148828,id44BFAC2B-2BF1-43DC-8271-BDEB9EC1D178,192903.8438,204869.4375,junction
3058067,id14F9E6E7-DD70-4E8F-9224-A0BDB4A6BC7F,285519.5625,109399.9688,road end
2916464,id5A902895-D1C4-44FF-90D8-4462229BDB50,406644.2813,290952.1875,road end
200833,idF2B6DC19-1604-4037-A751-CD971D81A1D6,517455.0,303500.0,junction
2061255,idAC529CDA-42B0-4207-8F25-F4303D883554,516547.3125,165345.8438,junction
2386470,id8D2D96E8-5164-4376-A62E-E5888E83B87A,447490.25,318271.875,junction
662947,id9D392ACA-9DF6-4C30-BA8B-F76E063704DA,509479.9375,420915.3438,junction
246350,id20CB32D7-39E6-4C3E-B857-7423A6B57503,625326.5625,324213.9688,junction
1794683,idA8094025-49A6-4D14-B611-1DCF68265C42,597903.0,145736.0,junction
1864993,idA25C67E5-F6EC-4200-A67D-8431AD048643,550425.0,190066.0,junction
2536525,id66A1B28E-90F4-452A-9FCD-5BC1762A69A3,381266.5,256791.6719,junction
1783259,id4AB185A1-9513-4039-BC69-C4010E428315,603883.0,259857.0,junction
1122657,id1D0A3ECE-CEC8-4C29-8E81-9327119456AE,465755.9688,171701.0781,road end
2080489,id93C80ADB-10C1-4AEE-9455-9E80C64CB341,508098.0,117376.0,junction
1840741,id34545916-66C4-4F8E-93BE-0ACD90275B5C,571064.0,186566.0,roundabout
2134691,idFF5B4887-1EFB-4E4C-AAEB-36B46720FD88,509153.0,174623.0,junction
937613,id9067C54C-216D-49C0-943F-0FAEAC934455,434839.0,456044.0,road end
164488,idED23E552-3DB5-447D-9019-87B25773C45A,532167.5625,391658.4063,road end
1937009,idAB01F971-38BA-4E2D-B6AB-5BC2ABDC43B5,532214.0,182862.0,junction
2945095,id3EBCDFBE-0775-4B7E-B0F9-C3FD09ABCE0B,403421.125,201982.0313,road end
1653668,id68F56450-A3CA-48A8-B247-4082D13034A4,361437.0,182880.0,junction
2739033,idA0B0A218-DDBA-4E00-B852-C73AEC463836,608975.375,127537.25,junction
106295,idD93C7A07-6738-4D36-87CF-B55B4CBD4177,285986.9688,71045.39844,junction
1848735,id23225CDC-262A-4743-9AE9-64E60E2C6537,566537.3125,174308.2969,road end
1160921,id9D2126C4-51D0-4F5A-A1BB-D9CF02A92768,459128.7813,106342.0781,road end
392291,id111617A8-C415-4660-9DEA-3BB4946EEA35,357812.0,408982.0,junction
2633414,id3E1F8DBF-280A-49D3-8368-29CA54CFBC0F,449697.0,532607.0,junction
104800,idE40ED57D-3201-4526-84F6-B5B5F525796D,288983.5938,60332.39844,junction
1759665,id7F33542D-282E-4CC9-91B7-4677A0AB0130,628529.0,234912.0,junction
796880,id7E38CDDF-1176-40C7-BDAF-D25186285BB5,522183.3125,236397.9844,junction
1318090,id694234D8-BB90-4B88-AB0C-BA87B28CC868,259376.3438,337644.4688,junction
541236,idE382593F-5AFD-41D6-8F2C-55092D04F8C3,259082.6563,665231.25,road end
1575005,id2486B9CA-69DC-4F7C-887A-124B0BBDB467,406905.6875,855685.5,junction
2289420,idBC1E96E8-A3E3-42A2-9870-F855C8827374,440747.0,365029.0,junction
2503020,id4C51C680-25D6-4BB7-9A82-9569D59FBC69,381764.0,213814.0938,junction
774772,id327466F9-85D5-4DD5-AFF0-3F88576B13E4,510474.0,201473.0,junction
775492,idE5FE2763-7AE6-4B44-B895-029B3D414A8C,512708.4688,200470.5938,road end
119096,id03DA6192-3A1C-48D4-A817-A39CD9C37D85,256417.0,55992.0,junction
739545,id0B3213F0-546C-41A6-9FF8-B9E910F9A8C3,542917.75,218710.7031,road end
695497,idF9BF265D-2B5C-4437-9079-F3A1A433FAC1,578767.125,263502.5,road end
1748118,id6AB28670-196B-4B8C-902C-BA67B6778AAF,650401.75,283865.875,junction
499733,idBF1ED980-38E8-4410-82AA-067EFD28CCB8,297711.1563,696101.1875,road end
2945114,id84AAD86C-849E-46BC-81EF-B5F9F6359870,403185.0938,202239.125,road end
184916,id0F66C02A-9123-485E-90AE-7D1123DEF70F,560897.4375,301217.5938,road end
2622290,idDAE9254E-1EDE-4363-8D7B-30D0484A0B31,435096.0,549339.0,junction
2865544,idF991A83B-9DD8-4171-BD86-67105DF5BD81,416456.0,281892.0,junction
645710,idCEE07BFB-7732-4E3A-B43E-53F34EE078B3,509093.0,430585.0,road end
804631,id1C74BDDE-E186-4794-AB11-0E6BABDFDEF4,502042.0,223915.0,junction
1098023,idB7714A3E-A613-4DDA-85D4-F8E81361EAF6,494663.0,182279.0,junction
2940793,id82DFBB48-4C45-430D-A2CE-4D2DC53083EF,414234.125,245777.0,junction
2566687,id1A52DB4A-B4F6-4CF6-918F-83F7751CB5D6,353870.125,209743.125,road end
1146662,id8DBFEC6F-671C-4D64-A78A-49662B9F1069,452873.4688,189857.625,road end
1477633,idF06E3D11-6DA9-41DC-A09E-1206B30C4BCB,357790.0,363379.5,junction
773300,id23288549-7EC6-4CB5-8283-33C408CBCFB0,516775.3125,205340.7344,road end
2146095,id9531B58C-61E5-4548-A551-7E1978D19544,500177.9375,160252.9375,junction
1563424,idB8828F90-A862-4F86-B849-F0828A4A6046,322659.3125,316994.9688,junction
2507866,id6EC95421-9E62-4CDF-86AA-626F1B8C5B06,387071.6875,214900.5,junction
2026682,idDF7EE8DD-B8AB-446B-AEFB-3BAB72A88D12,569770.625,110483.5469,junction
706910,id1B0C69C6-47B1-434F-9440-A37E96D5A4AD,567974.1875,258599.6563,junction
2437404,id10E8199F-16D9-4710-BCBE-594C55F03242,432681.0,336835.0,junction
1768279,id0AC234CF-DC87-47DE-93EA-85347A081D14,624236.0,221346.0,road end
1711191,id49743D5E-21DA-4990-99A2-5962E5815EF6,321222.8438,186823.3125,junction
589296,id88AAE950-D9C5-4C58-9487-CBD57BE96FE7,295163.0625,643139.5625,pseudo node
1092858,id5F75D31D-BFAE-4D70-B2DC-8D27ED6F711F,497306.0,145323.0,junction
880869,id2C1DF523-64CF-4280-B614-1D39B99DB338,320290.0,710256.375,road end
2526814,idDDA9C522-C1CC-407B-BD9A-D18CA3E80ABE,311708.9063,274965.5938,junction
1172940,idE2D9FF1D-1105-4179-8EB8-A6E45E037964,456895.0,101258.0,road end
593508,idFE785A02-2D1E-462F-8FC5-C0139E2D8C97,270838.9063,626741.9375,junction
320874,id3C6B20A5-61AD-4101-AB3D-7C6231E375FF,389499.6875,442987.4375,junction
1598580,id376F0CD9-526F-4014-8049-EBC80B3DA315,375848.875,162399.3594,road end
1888130,id663FD40A-F2C0-4304-B541-2B3B8C162E1C,548925.5,152505.9531,pseudo node
527206,id5B64CC42-AD90-4EFF-BB43-126DE6C8AF31,273509.0,659929.0,junction
991048,id559986CD-626C-41BF-ABB6-D554EE01A4A1,406474.0,424113.0,pseudo node
1970336,id911D2522-9465-4C33-BB56-53F897792BAA,526288.0,194765.0,junction
197379,id724A9506-893F-41BB-8818-DAB1E554BCE5,532556.0,344374.0,junction
1846824,idB61CCDAD-72EB-4D51-9287-68CA45EF5982,568535.8125,196980.1563,road end
647517,idEF130C0A-E68B-4D7A-9527-3FAFF469039D,503449.0,429602.0,junction
2170287,id6DD5D222-7C2C-43EE-98B4-4A7593143358,269999.5313,286354.9688,road end
2181748,id2CBF3335-B267-4198-8A8C-5BF212E81997,256152.8125,202333.0469,pseudo node
1247498,id459371C2-EEC0-4037-BAA2-D97D7417563C,444260.0,121293.0,junction
1392079,id23B93D59-50CF-4F45-B214-3CEC1BACD557,339797.0,387916.0,junction
2057710,idB3704B99-52DD-418B-82DA-09DFFA16D595,513637.4375,170161.3125,road end
340508,id316439E5-B555-470F-A2BD-808E00EC1A90,394455.8438,428233.1563,road end
1119840,idDE94F685-B4BF-4752-82A5-26B7916A6138,486572.0,166542.0,road end
1187934,id092A0EF9-D5AC-4296-993D-79847D94607A,489201.25,149261.125,road end
2607117,id7DE2479A-4201-418D-BB64-B3EBCD1BFFF9,432699.0,562479.0,road end
2479223,idADAF60C5-ADEE-4857-8D7B-5895B48BE66D,390831.0,282450.0,junction
563280,id7D812F40-A282-4B36-A8AB-6FFD2D7BD062,241690.0,662045.0,road end
413055,id5BF57BEC-E159-4ACC-8E43-11D120000606,385138.0,407715.0,pseudo node
2320380,id069AA23F-8E96-4DE0-BBD4-1567708D82F1,499125.375,378147.625,junction
1672499,idDC560206-03DD-4CE1-BCE6-7AE3131EC867,329272.9063,198204.5938,junction
1567368,id4FCDA13C-E07E-4F06-BBD0-AD5449EC930D,318792.4688,360507.25,junction
1663317,id1480CD40-4E83-4528-B204-01FDC2E814D4,352589.875,175777.9063,junction
1494469,idF6A12C24-EF3A-48A5-B663-0EFAFDD2E8BC,383568.0,357295.0,junction
1033539,id399F2006-429D-4C17-AF91-E355DFBC707F,421524.875,439373.25,pseudo node
1943338,id02CC7CD2-0C0A-4FED-8073-A261B2F765F1,530348.5,176847.8438,road end
2874465,idD6D86258-F179-4F78-99D5-E67893A27C0E,438636.0,277722.125,junction
3079367,idBCC7BE34-C468-4531-8850-4204236AA54B,560283.625,99556.1875,junction
3031710,id5281B515-E1CD-43F3-A622-42FE8A149DF9,265901.0,192449.0,junction
79381,id8A702445-049D-46DB-BB66-F74F5C137B83,377478.7188,814152.5,road end
79888,idC2A3CC57-FACD-4977-84B8-7711A684FE9F,373762.0313,817349.75,junction
81860,id9E89C8D8-DFB8-44A7-92F3-A4D909499F46,394019.0625,802160.25,junction
1166638,id768D481D-5D92-4678-98FA-6A5839C4C1EE,486152.0,108398.0,junction
2865993,id9C25DB63-12A1-414D-9EBD-1A49B5D6C781,437358.125,282490.875,junction
1241066,id2A2A1F9C-1831-477B-9919-75E37881C4CE,447546.0,165630.0,pseudo node
2334743,id4F5EAB3A-121D-42C5-996D-2E68CA29D0CB,456562.0,345338.0,junction
2996015,idF7A3DB66-F699-4B0D-B3AB-851E54606E75,373877.1875,669331.875,junction
1114798,id2700FEE4-0231-42C8-BF9C-996919E25F50,475236.0,170281.0,junction
1581182,idC061A6A7-077D-4C2E-AEB7-458534BEA853,376053.8125,111291.5234,road end
2864994,idBD2F95E0-A6C8-4812-A0DC-37BF31141A46,414808.0,283412.0,road end
139703,idD735613F-7A60-43A1-8888-1AC8AEC16673,237155.1094,60845.71094,junction
2129290,id06D3824C-AEFB-42E9-ADEA-76AB25F2DD67,511064.0,167183.0,junction
2598413,idEF52D6B4-10F5-4BAC-AD17-F1E742CD72C5,436793.0,565423.0,junction
542696,idD745DDEE-127C-4F61-9422-9942547654C0,260046.0469,661698.8125,road end
32541,id37C31B1A-3B72-4676-91F7-EE307B94B573,392635.0,807645.0,junction
2659118,idD07061F4-384E-4201-84AD-8885335708A0,424739.3438,560191.0625,road end
2946389,id6C248498-4DD9-4713-AF14-7ED198839E38,410780.9063,202451.1563,road end
2686675,id3ACD211F-5A4C-40E8-AE74-F6220717F620,446499.9688,506330.2813,road end
3035880,id8EB634D7-33B2-41CD-8826-9E7FB6553888,258159.0,199166.0,junction
1305813,idADD7B213-6FF3-4BB3-B80C-AD95A0379889,231447.2344,386952.75,junction
2732871,id6CB1780A-5454-4773-90F3-C0230ECD0936,610334.0,164743.2969,junction
791321,idB48ABB20-D737-4483-9FD8-93462F2BAD8E,523870.1875,244393.5781,road end
1121689,id7E1A0A19-BD74-42DE-A69F-FF8C63F81E4D,479148.1563,169341.4531,road end
2585162,idAAD72A71-C42B-44EA-A486-1ABBCA84BFD9,429436.0313,587119.8125,road end
1150173,idF601E0B0-3C50-4026-BFFD-029D4F00C508,479782.4688,184419.5781,road end
41203,idCF6D3798-D1A0-4624-98EE-A143385FE478,358572.9063,804268.8125,road end
443782,id227B9DBB-C362-4C92-BDD2-F8291F770681,349651.0,406025.0,junction
1721573,idE14FD7B0-3AE6-4EFC-A78A-CEEA720066B6,314378.0,177379.0,junction
1670033,id58C6D844-E8BC-4A72-A90A-5D436A13AF10,331203.125,188186.7969,junction
1021447,id01F53850-6496-45B3-B123-848F178F31C9,435444.5,408877.8438,junction
1247331,id689A6B1B-79C1-4BC8-866E-42BDC25E54A7,444611.0,122266.0,junction
2154112,id875A9646-7AAC-4866-A101-EF433E284F22,178509.2656,229609.0,junction
2944004,id25051EAC-FE43-4F73-A366-262C99D0F84F,413531.6563,208855.4063,junction
1443440,id54518E1C-353A-4C28-9AC0-C626967B0670,324259.7813,364157.0938,road end
1292418,idAE56B7AE-223A-4A9E-AF6B-640C19782FB9,278176.0,382281.0,junction
1842896,id07E0527A-7E81-4A00-8D82-7F3F722DCC5E,573981.375,182302.2188,road end
2661216,id9A61055B-94B8-4773-AE12-C2351ADDADF7,419166.0,566003.0,junction
99219,id066F3396-D659-45C8-B5C3-68C12CAE2D24,291677.0,89979.0,junction
2815493,id30AF677F-537C-4AB8-818F-31A0FA359DCF,467274.0,273322.0,junction
2735157,id4874181C-3F7F-4388-9B12-AAEF0FACA2B3,602519.6875,139301.5781,junction
769286,id54E7C414-C925-43BD-9EA1-C1857AD5A1C9,508045.0,208703.0,junction
1653434,idF54598D5-6BC8-452B-BFE8-7B625B3F5D9A,361757.6563,183507.875,junction
2560272,id0DC08D89-6FEB-47C3-93FC-54C903B1CACF,302447.1563,224871.4531,road end
3083524,id5FDC3FCA-234D-4EF5-BFFB-993C2F2331E9,266232.5313,869365.875,road end
1277079,id354BAF47-7450-4CD1-90B7-FE30BF370509,414227.0,190096.4688,junction
358855,id7D90172E-89CF-42B2-A8A8-604F53BA4104,368260.5,426562.5938,junction
594812,idEEF62F2A-6EFA-444C-9968-045C82B07B8F,260442.8438,640541.5,road end
1976071,id3C392D51-4530-4BF6-90D7-82442E1518B0,541233.0625,191985.4063,road end
833942,id3A0CB2C1-26C5-4133-B0FC-BE3FEF557565,320258.0,89500.0,junction
1769035,id2CB76906-2314-42FC-B617-5B5207F317B7,618365.4375,215700.1719,pseudo node
1193421,id8BE423B0-C75C-434A-872D-8FB13A731AD7,488569.0,135516.0,junction
2654302,id1D6B565C-381E-4CF1-9C04-9411FB00610B,424109.125,539668.5,junction
863815,id43F669C8-4095-4EEE-B284-C9AD52866FE0,300441.0,718021.0,junction
160423,id7771C713-0657-41F1-A60D-5104F9B0C2C0,551045.1875,374919.125,pseudo node
2087457,id953E479D-2148-4706-941B-8B61FBFA00B7,501710.0,151074.0,junction
2564489,id709D4853-ABDE-45E4-B7B1-CD2B73B41A48,313399.1875,210762.3125,road end
191119,id7A4B13F7-0A80-49B4-B34A-14A95ED3C0BB,541312.8125,307654.625,road end
1768614,id382CBB4A-E922-4467-9036-D2808CEB317E,616892.5625,216698.0938,road end
1788153,id381383D1-EA5B-4368-B981-DAC3A54E6EEF,606457.0,288158.1563,junction
1293155,idC66AE616-E40C-4DA8-906A-5A2D9F785D68,279066.0,378691.0,junction
669599,id17B194AC-5275-4E1B-A35A-D68E6833366E,582272.8125,280099.4375,road end
195787,id624017B6-483A-45AC-AECC-24646FE52900,533286.5,306775.3438,road end
1892903,id9626D8D8-5737-415D-AE2D-50A65D2FA2BB,541644.0,171527.5156,junction
567974,id91014C71-1DB3-478E-A19D-89355D2397E0,214032.4688,669207.1875,road end
2357920,id8C16C962-E062-41DE-BF7E-9ADD5A3D1C57,462876.0,305992.0,junction
3010459,id969B9650-11DF-4BFB-ABEC-A2D0461E9D3F,296798.4063,146053.5938,junction
573027,idF45ADB79-12B5-4A29-88C0-F5726AF7D0BE,245091.0938,618827.5625,road end
1015413,idC179C3B2-10E3-43DE-8D2D-C162BCA29DD8,455047.5625,409394.0,junction
2478806,idC624A388-F967-4A62-A14A-D365DE778971,389381.7813,284488.875,junction
721166,idCCBDDFB8-E93A-4588-97D0-84E916DD0234,539405.0,200450.0,road end
2375178,id95B19F2D-AFBF-453D-84DC-5953AD513B34,449925.0,356657.0,pseudo node
1354684,id49A7E717-84C3-4111-8601-98C9C7C50D26,372359.8438,395693.5625,road end
1731600,id0BBE20D5-B8AE-4CE9-ADE1-B385AE4CF3D1,301397.8438,180582.7969,road end
369712,id651ADC91-5736-4261-8606-D12C49A35829,354944.0,419334.0,junction
293639,id95E92345-6E37-465C-B2DF-EFDB56B6545B,347793.5313,467212.1875,junction
2474848,id6A09213F-04E2-435B-B0AE-249E5ACFD767,391116.0,286411.0,junction
2643101,id9B216E43-E467-41B3-881D-E26A6E01D308,428564.0,529782.0,junction
1551357,id38854784-B9C2-4E6C-AAE6-282376B29646,344710.0,318091.0,junction
1309266,id6010BA6B-AAF0-45A6-B7A5-06C97EC0F197,296186.0938,304627.625,junction
1464816,id68F3B3C6-75AF-4398-9202-CDB6C8895C7F,386441.0,383281.0,junction
1906658,id418846AB-D385-4575-A1A6-C97C160E29CA,545863.0,171828.0,junction
1857752,id71A40749-AA25-4F77-A8FC-DE734319A41A,558504.625,174208.5469,road end
2495978,idB1EE38AD-C554-4E0F-A4FD-293EA9C2DA24,397316.1563,223844.5469,junction
1706528,id0C9A968A-5489-4D89-A63C-6B30F914B5EA,310085.9688,136985.375,junction
2738092,idBBC9A0AF-19F9-40CF-BFCD-196FCE0E4C55,601168.0,145379.0,junction
2734607,idD97017CA-044A-47EC-B6D6-75F950100945,600873.0625,141597.3594,road end
1699872,idA2161BC3-DD92-431D-8A8D-92307027210B,329540.0313,152550.7656,road end
870024,idB24B58F2-3828-4DED-8E8B-E6FEE8B9C563,341450.0,733322.0,junction
1040568,id3F3E3C4A-F2C5-4EB5-B6AB-86D44030376A,418475.0,435893.0,junction
447538,id9769078B-FA12-4384-83D4-1B184A21EA73,347591.5938,400700.3125,road end
791566,id42AA0714-1A35-49E9-B4E6-7D482118182A,522052.9375,248815.4844,junction
2975966,id88029E75-A33D-45D6-B7F0-551C8747EC53,350205.5938,673899.875,junction
1274350,idA01BDB70-B46A-465B-8774-6F7CB1D5C74A,400597.625,149905.0469,road end
1598884,id7AC93381-36D2-4061-BD2B-6C5839DA5832,375382.0,163588.0,junction
2106286,idA56FA735-63C2-4AD0-8BCE-E826B7185908,522078.2188,187992.3906,junction
3053630,idB99E8FC9-3CC7-4544-8B14-60DF6C886B49,291698.4375,123831.0938,junction
3062951,id073D102C-51E5-4DC4-B2EE-A8481E007F8E,251841.0,199843.0,junction
546525,id7A8ACD2F-4781-4584-8B17-20F683B8CD6E,261364.4063,651754.5,road end
2462982,idA34D01C4-AC89-4B02-A028-ECB5CEB850CD,398383.0313,289372.8125,junction
2865387,idEE28B401-2B03-45A0-92E7-B431C72863C6,417189.5938,283012.4375,junction
1784853,idD2CF9E05-2E38-4197-9583-530D0C1A1A72,619260.6875,286452.9375,junction
1539776,id61FFD3B0-C1F0-43C6-AE03-63956D36B50F,365993.625,338067.4063,road end
1328915,id1069E1E4-A24E-423C-9C58-B6FE42340F98,388689.6875,388945.375,junction
1042132,idFBF9887F-E36B-4A17-8E77-408989C7A035,418354.0,415473.0,junction
2033446,idB741A2C6-7F39-45A5-AB39-7ED808A42EED,546540.125,101002.4922,road end
1143579,id526E8ACF-BFB6-47BB-9AC5-3CDD6A53FBC4,486170.0,194293.0,junction
2308830,id68BB6EC6-03E5-4F8F-B95E-FA2F62EE7490,468435.4688,375291.4688,road end
1791764,id51FAD4C7-CA58-41A8-8DC8-5EAE67E9FE69,600507.5,228659.4531,junction
2796489,idA06DDF3E-C265-46A6-A57F-A34AB6B22CA6,453287.875,291811.9688,junction
1157772,idAAB485D4-5EC2-4389-98E9-A7946529A34F,459011.875,188515.0625,road end
1165463,id8E9E5CB1-B816-40F1-910D-140F664F1434,471649.0,105830.0,roundabout
2602171,idA2BE8F3A-F51C-4AD0-9A5B-BB7B5E9FAEED,427753.0,564187.0,junction
412796,id7C0AE541-198B-4C30-816B-B9FAF6B263E8,385914.0,407231.0,junction
1831605,idA95B6339-0A19-4543-A9A1-7AEC57FDC13E,585251.0,191594.0,junction
2073391,idD4CBD9ED-9DEF-43AF-A4DF-3EA53DB01D52,516815.3125,104907.2891,road end
1773392,id9C9FAC2C-64BA-4181-B31D-B764B59AB7C2,613290.0,242663.0,junction
1607171,id7D092FBD-12BC-4881-9549-BC46099EE5D6,366935.0,173758.0,junction
571569,id22AB110D-4E30-4398-9B00-3D127E668FAA,244833.875,639459.1875,pseudo node
789146,id001C7C44-6621-4EA6-8267-3AEFC1300CA8,518992.0,245709.0,road end
1061932,idCFD2CD69-D2F6-43D4-9647-74823C4810B3,408741.4063,410855.625,junction
2963350,id46415788-1667-4489-8B7C-1F6ACF9F7A14,301886.4375,689281.0625,road end
1642474,idE652C1C9-293B-4595-AECE-827CA8CDA082,349011.1875,136588.0469,junction
2381689,idF276E38A-AB7B-4004-80EA-4E8A3DD49F2D,450578.0,354014.0,pseudo node
1630517,idF1246D92-85FE-466B-8ED1-360E5C50094C,359228.0,171253.0,junction
3113980,idEA1BE5A9-ABA3-46D3-A8F5-1E0023FC2AC6,294171.3438,584080.875,junction
2653843,idA50DA8DE-836F-4323-BC9D-B7C64C2D859B,426997.5,540734.75,junction
3002479,idBD3F3212-8B48-4403-95F5-1CBC1800E866,351860.6875,634609.25,road end
1586700,idAB8D7D97-C6F9-44EB-BC87-8478A3A482B9,391052.8438,163074.875,pseudo node
1862793,idE8041F85-A239-426D-A62D-6978744AF692,555273.4375,191652.7813,junction
1175911,idDF240E61-73F3-4116-A169-4A16EF02D942,492816.5938,104381.7969,road end
2540018,idAAE8F47A-9063-4C83-BDF1-773516094C9D,335674.1875,260543.2656,road end
1012647,idF031AB91-932B-4282-A382-B39BFBB4F2B3,445350.5313,411382.0313,junction
1540236,idF0F03C11-8D00-4399-800D-903E6E35B7DE,356990.7188,339754.8125,junction
2146340,idDE7B7EE1-E10B-40BA-B7DC-AB3C18A08991,502108.5313,172354.5313,road end
2262180,idA3008CFF-FF24-439C-84C1-D4C939C4752E,453467.0,392860.0,junction
1906809,idB4F4C674-399D-407E-87BB-D7D2766765CC,545414.6875,174601.9531,junction
2519723,id70B8533D-8845-4FC1-BBB7-462CB3C775B6,332353.0,288774.0,junction
2099840,idADD34B06-A9B0-4C5D-8663-F44A674F2EAA,518659.5,196083.1875,pseudo node
2183585,id178F2566-E7DA-4CCB-AD81-C7A57338B424,250478.0156,201559.1094,road end
2377697,id05A64F1D-9299-4A39-AFBF-EF0DC59AF744,451304.625,337010.375,road end
655783,id63BCEB3E-6F23-4CDD-87D7-B7E4DD98C645,528445.8125,408947.2188,junction
1388110,id4DC8C300-503E-4480-955A-E19CA0D95335,330390.9688,388863.0313,roundabout
2598090,idE5449CBD-8698-4A3E-B071-7143F85390A6,437938.0,565682.0,junction
941276,id372B6C70-B8AF-4781-BAFD-41EC48BEEEEC,449439.9375,454412.0313,road end
2161643,id2B46C8D5-B824-4E24-886B-F949931973A9,277236.0,209270.7969,pseudo node
1611007,idE1FC287F-EFD3-4B37-A07D-DF1C1D3521E8,375041.625,199003.9531,junction
237843,idBE600074-D6A9-47E0-9EF2-6D3D114EAD8B,627966.6875,309945.2813,junction
1794424,id7DE47A69-D2AE-425A-9FDE-69970EB78C77,596747.5625,161078.3281,road end
663735,id4E40BDC2-26A1-48CC-8440-34C54E028AC8,502845.5,422327.25,junction
2148914,id7AD34680-C0A7-48D0-8F22-33238D9D422D,195125.5625,215706.875,junction
2656521,idFD100077-88AD-4846-B58F-46B744077A74,421171.0,562360.75,junction
2736594,id72E52C5F-4844-46FB-8C83-65E2B294DDCA,610287.5,156922.1875,junction
787742,idAE69B741-E9FA-468F-B96C-3A311EDC8619,506879.2188,243745.5469,road end
1697988,id553D22D6-DF33-4E1D-8469-9D8E6B31189D,317183.0,172692.0,junction
1330041,idA87F9C1D-A1A7-43E8-905E-936D92A98145,387888.7188,393707.0,junction
75610,id13576E6A-8A65-4AEA-B7C7-2817CB6FA3FD,393478.875,807480.5,road end
2096253,idB3C9C7E3-66C1-4EA0-8C9C-A38E4A6BA76A,514428.0,193649.0,junction
2994788,idAE84A4A8-54EF-4407-8C18-F68917437603,397288.4063,657415.0,junction
919582,idC29DACA0-234A-4FCC-AE5D-F5B3B8F91DF4,459823.0938,492995.9688,road end
284375,id6AF512FB-C2BF-4CB0-B3B7-28DC0F795931,166698.2969,38913.55859,junction
1285640,idE7D94AA8-FF63-49B5-A8C6-990B2A772D52,403022.0,178800.0,junction
1489158,id7C20AC3B-E529-42C7-96C3-ACE4E9410156,398707.9375,313539.625,road end
1833753,id1BDA7243-1B73-400D-B91A-9D97703F149A,581437.0,189915.0,junction
426369,id00CD11CD-D0BE-489C-B5DE-56ECE3C9EBF0,333561.375,434572.1563,junction
1217165,idC34794D5-3ABC-4657-929C-C5C980E39172,418721.0,183367.0,road end
2631294,id4326F9EC-723E-4B2D-8A1E-60B1125DA52B,452580.0,534042.0,junction
242441,id62A689E0-4CD5-4B92-981B-2BF22C71B44C,626659.6875,303173.375,road end
1760803,id8AB3897B-AFA1-41D5-A5A7-0EDFE2ED8FD6,629325.3125,252768.2344,road end
384708,id6806EF33-DD63-45C0-9C73-81456262B9E0,371663.0,410759.0,road end
113579,id135EA4D5-9C3B-4CC4-9F65-C086B8FA88D2,272226.7813,82553.02344,junction
3074560,idFE30E4D1-534E-445E-9736-06DA2173BA29,276021.7813,702181.1875,junction
657047,id06950409-6D65-47ED-B279-8340D406E889,527208.0,405289.0,junction
668098,id37C0771B-AAE9-42CF-95AA-B20E759CBBF8,585008.5625,298707.9063,junction
2896175,id0B71AF2A-E28B-4BB8-9730-E8A41217049B,435456.9688,255314.9375,junction
929234,id399996D0-20E2-45FF-9B6A-DD13093A9364,419893.6875,485574.5625,road end
3001558,idA8618630-982D-45C5-8E11-6EA550D3CFE6,372638.9375,635226.9375,junction
2024975,id6600063E-CD23-4FC4-8088-EA90D138AECF,529763.75,105831.5391,junction
360320,idBBFB6A58-B781-4583-89C8-064161DC9491,355757.0313,426416.7188,road end
1842411,idA28C3768-B8DF-49A8-8CA1-7208A7F88569,569651.0,182682.7969,junction
799388,id55802569-0B7B-4594-B9FF-83BD8566862A,507007.0,225295.0,junction
784913,idDC563491-E958-4A9A-B5E5-32867B072654,506270.6563,252302.4688,junction
2300978,id47197E6F-33AF-47F4-8C26-DFC0E2CC3D1A,481296.0,390517.0,junction
2988099,id4379DA0A-DAC9-45DE-9347-B8816B8E491F,336549.4063,669083.25,junction
1658148,id7AB6ECF4-F8BA-4ACB-8C8C-0E65F0C993C4,357927.5938,176001.1563,junction
2759442,id420155D4-7A64-4B5A-8CAF-13E33AC62478,486975.0,241115.0,road end
1531301,id0D1E9A03-EB6B-492A-A8E9-257EADA7380D,369909.0625,358244.3125,road end
2741878,id347B3A16-F17D-4FDC-AA47-E6AC63929467,336451.0,950799.0,junction
593607,id00FA12E0-EEA0-4A78-A95B-B6781F78D2B8,258252.0,626884.0,junction
3080109,id531A188E-7A72-407D-A59A-6D8BE44E984A,282969.0,899775.0,junction
1550825,idA4817299-1E49-4F71-B91F-C3AE999CE9ED,348987.9063,322168.7813,road end
985232,id1C1DC39E-F488-4C9C-A59D-494641775021,409300.5625,430915.25,junction
693550,idA224EC1F-14D0-408C-988F-261DF07F9AEE,583843.0,263620.0,junction
1739834,idF848F46D-AB15-4436-9140-C7FDED97219D,336827.1563,108132.8984,junction
1910865,id1D2CCA2B-955D-418D-9C19-8D81F3217C69,546345.625,182118.2188,road end
1217359,id148A23C9-52D2-4A73-9821-C7D41F05C6F5,418176.3125,183851.0469,road end
97329,idC11C9FCE-AA5F-4287-997E-4A021803A492,291903.0,67488.0,road end
2487626,id6C3EB565-08E3-4EC2-8727-1A3D90E81AD9,391942.9063,234624.9375,road end
2400757,id5CBDB04B-FF96-4F7D-9B3D-A83AD14E92AE,441358.0625,353718.6875,road end
2992935,idFAA4DEB4-81D5-4C15-9D54-2600C32BA468,323490.0,660844.0,junction
2780892,idE2701D4C-DD2E-47C9-8482-D8DAA02DEF43,483205.0,211718.0,junction
1536663,id83102C37-DBBB-4F69-8ECC-9D5B4F2DBDF8,364502.1875,352588.8125,junction
2095092,id38050692-16B5-44B7-8841-A75FE3256DB9,503783.0,196492.0,junction
1468096,id0D5FA94B-5FCB-4F53-9050-CC2AA5839B6C,360088.1875,376121.5938,junction
2908892,id3A581FF6-964A-4236-8D36-0DBCDB253E41,411293.2188,291690.125,road end
1321010,id24DF984D-A676-4EC1-A521-9B0035B6786C,233487.0313,334006.5625,junction
2317298,id355B99B9-BB4B-45D1-A0A6-22D312957879,401338.6875,380293.2188,road end
2916286,idC61AD2F3-E5CE-4F29-AE18-7CFC2865CD38,404981.0,291822.0,junction
592869,idBBC9EF18-E0CA-4566-803F-D189A316F075,274592.8125,645880.0,road end
333914,id249F8A01-4DE8-4F4A-9317-3FE0881FAEDC,386050.5,435052.875,road end
2617865,id6108ED97-26CE-4201-87E8-6D95356ADF69,427534.0,551413.0,junction
1829453,idC4080E3F-9588-4DD2-9166-90274D2340DB,587057.75,188410.8438,junction
649096,idA9D192B1-3604-4EBC-94EB-68487709E86D,509873.2188,429567.2188,road end
1565642,idB7E390F2-D047-485D-B5F5-0C67CBCE3404,323407.2813,341833.2813,junction
2327612,id786C7EC4-DD51-4556-9E06-BADDEDE43E97,451897.625,359130.0938,junction
2591553,idE6B8904E-5BD1-450F-8EA9-7756694122E6,428003.8438,571503.25,roundabout
2633007,id9EF74E01-B992-4CFE-8887-E45396816EE9,451164.8125,532664.125,junction
2879471,id166CCC2D-70E5-4B02-9271-FA4BFCB08E39,418192.0,276705.0,junction
2844096,idAF9FE8D4-303E-41AA-A7EC-92C2EC8AA4A9,424843.7188,212278.7813,pseudo node
193425,id4EF5D6E7-DBAE-4829-ACB0-9740FEF89B1D,532704.0,342599.0,junction
1587931,id57B63AE7-4DC9-4848-8435-B3ACAD1AC2CA,386593.9688,161668.5313,road end
1156155,idC9E9C1DE-4454-48B2-BC07-8764FF6573EC,472121.0,176395.0,junction
1082959,idBA73A637-BCAC-4E39-A8A8-30E0B46E4513,460940.0,405790.0,junction
833264,id0CB244F2-9C87-4D58-8358-433D10563A1A,346536.0,92434.0,junction
1220489,id590CCB8E-F544-4697-B89F-388FD5BBE140,450615.875,107401.0313,road end
1407506,idEE4E5A58-DB15-4309-BFC7-D2DFF60334C8,391786.0,383570.0,road end
233927,id60AEE3CD-9B7C-46E2-8A7C-FF4DF323B5A3,645000.4375,314104.1563,road end
2517722,idE4EC09E5-7E08-431B-B100-938BAE91FAE7,372565.3438,292445.375,junction
822632,id0CCEFF3F-5056-4F56-AC7B-A8F497540391,381558.0,86945.02344,junction
2444146,idB980AE6A-FBBB-449A-A33D-4767E7118453,383106.5938,277524.4688,junction
304095,idAB37336D-6F4D-46DC-AACC-345110FE8A2E,339105.8125,477725.625,junction
887899,idB8427FE4-66B5-4BA4-9D71-ED959EF0F982,313257.0,710366.0,junction
1795172,id2120AE30-6B21-4BA7-BD24-AC023DF8224F,591975.6875,166421.3281,road end
2773665,id273B55EF-022B-4F94-841A-4F1720000641,494899.9688,299539.2188,pseudo node
1291218,id0EC53077-B101-4148-8A16-391467E6F161,279478.0,378945.0,junction
1728919,id406704F9-A0A1-4228-8894-F80415E280CE,305560.5625,182869.4375,road end
2151141,id068B869F-AA7B-4FCC-B2A2-62BCF2D4574B,187693.8125,220360.4531,road end
819905,id69894F33-5240-4A58-905D-B33F4275CD97,397054.6875,80041.89063,road end
585903,id428B7642-87A4-403E-8AAC-B2D5B194D321,234341.0,608814.0,road end
594674,id7F3C6585-F478-4DC5-821B-850BCB2002A4,262374.8125,646445.5,road end
947645,id716C8230-3C8B-4EB7-97D2-ADEC11259D27,428503.75,437258.4375,junction
3039000,id9ECBC121-BA51-4038-AD6F-31E60EFA85A7,283324.9375,176806.6563,junction
414879,id5DC1B9A0-0BD0-41C8-8E8F-36CA2ED94DE2,381842.9688,408987.0,roundabout
2289928,id57A719D2-2D3D-4664-975D-5CF2BEAEFB85,439142.5313,366188.0625,junction
1983030,id79FA2DA6-D0BB-4D99-BF8D-16E64D18B6B1,533247.0,168769.0,junction
2810097,id8BB23E1B-A623-4EB1-963D-7D4E79ED0AF7,474575.625,265306.1563,junction
296697,id79C5A764-8DE2-4157-BD81-6955809CB9B4,347820.0,462409.0,junction
377835,id0FB2A17E-6779-4AB8-8026-7F35BF2A4380,362274.1563,411304.0625,junction
123869,id6FA09683-BCC6-4988-8EFF-D82125EC558D,250829.9375,58887.5,road end
1580377,id58F28F4D-5CB6-426C-80CB-829CF5E7F250,385744.0313,101188.3203,road end
2428830,id415EC375-D783-44A5-9392-9CE60DB6F04F,418958.5625,318044.4688,junction
2273343,id436B32B4-FB63-4417-9577-9539C3EB6132,459396.0,379846.0,junction
607161,idF89F7A8D-138D-40BD-9BEE-15C478AAFFF3,449101.0,91408.0,pseudo node
2295225,idFB687EC1-D6DF-4BAB-B197-9C1B04D7EDB6,494604.0,367887.0,junction
2135356,idFA869C3B-82CE-49E5-A613-2DE899E6F7F7,509650.0,179124.0,junction
2399076,id9004003B-9DA3-4447-B5B2-519C2A60049C,442501.9375,312524.2188,junction
1800101,id300C0673-2D56-4A40-9710-EF2435D37E33,596089.25,119116.6172,junction
