,age,sex,county,lat,long,name,northing,easting
17645913,47.0,0.0,Ealing,51.52019119,-0.36772415,Luis,181457.8594,513236.3438
50664898,58.0,1.0,Conwy,53.09777069,-3.618093252,Paige,356875.1563,291669.0625
13920289,37.0,0.0,Suffolk,52.48971939,0.752218962,Maxwell,291580.2188,586836.125
21737695,57.0,0.0,Cardiff,51.53319168,-3.215440035,Caleb,182340.9531,315703.7813
4239152,11.0,0.0,Islington,51.53963089,-0.139352813,Harley,183997.7969,529023.0625
45263045,45.0,1.0,Norfolk,52.91590118,0.698843002,Willow,338831.875,581436.375
33518550,13.0,1.0,Lincolnshire,52.80948639,0.455017567,Parker,326410.375,565451.875
15455684,41.0,0.0,Redbridge,51.58123016,0.050925519,Leon,188975.5938,542086.625
52066300,63.0,1.0,Halton,53.33839417,-2.667583704,Tiffany,382625.2188,355553.8438
44296756,42.0,1.0,Cornwall,50.61955643,-4.540839672,Darcey,83129.39063,220284.9219
42224736,37.0,1.0,Derby,52.89386749,-1.561925054,Annabelle,333061.2188,429468.5
11536276,31.0,0.0,Birmingham,52.54182053,-1.897490978,Zach,293819.1563,406951.3438
37511759,25.0,1.0,Wakefield,53.65527344,-1.405368328,Clara,417832.25,439295.1563
26295938,72.0,0.0,Surrey,51.17819214,-0.397320271,Kristian,143385.2969,512014.2188
54886157,71.0,1.0,Merthyr Tydfil,51.7306366,-3.328776598,Luna,204433.2031,308242.9688
36821255,23.0,1.0,Birmingham,52.50766754,-1.873385906,Amy,290023.0,408592.625
44580427,43.0,1.0,Kingston upon Thames,51.38102722,-0.293323755,Amirah,166101.6094,518758.0
18497739,49.0,0.0,Kent,51.06987381,1.185358047,Ezekiel,134947.4531,623133.875
9436562,26.0,0.0,"Kingston upon Hull, City of",53.808918,-0.248729482,Ethan,436182.3438,515303.5
44146591,42.0,1.0,Essex,51.90504074,0.929336727,Yasmin,227048.4219,601485.5
25292913,69.0,0.0,Worcestershire,52.17521667,-2.014605522,Hector,253040.7188,399001.3438
35285364,18.0,1.0,Swansea,51.56425858,-3.743906021,Pearl-Rose,186536.5938,279136.8125
38493514,27.0,1.0,Southampton,50.89866638,-1.388410568,Bonnie,111260.5234,443004.0938
11266046,30.0,0.0,Greenwich,51.47792053,0.051738527,Jax,177490.2656,542465.125
57196573,82.0,1.0,Essex,51.87379456,0.815710187,Amelia,223266.1406,593806.0625
34564085,16.0,1.0,Hillingdon,51.58963776,-0.42149663,Apryl,189098.4531,509339.5313
34002700,14.0,1.0,Surrey,51.37529373,-0.351162404,Eleanor,165372.3281,514747.9063
4087668,11.0,0.0,Knowsley,53.41936111,-2.784993649,Giovanni,391711.75,347836.125
13800137,37.0,0.0,Sheffield,53.33998108,-1.557929397,Boris,382685.5938,429431.0313
29911278,3.0,1.0,Stockton-on-Tees,54.57921982,-1.16081202,Betsy,520783.375,454236.0625
56020322,76.0,1.0,Staffordshire,52.96632385,-2.313121557,Kyla-Mae,341076.8438,378972.0
54552192,71.0,1.0,Blackpool,53.81116104,-3.022449255,Libby,435494.4063,332683.5313
744671,2.0,0.0,Knowsley,53.45253754,-2.91023016,Leo,395500.7188,339561.2813
14564395,39.0,0.0,Barnsley,53.51309204,-1.464671612,Kayden,401984.7188,435495.1563
23393929,62.0,0.0,Gloucestershire,51.73386765,-2.093680143,Dylan,203961.625,393531.3438
46879772,49.0,1.0,Suffolk,52.20172119,1.313376307,Kamelia,261163.2969,626388.125
26246291,72.0,0.0,Brent,51.53965759,-0.276068091,Shahwaiz,183768.1719,519543.4063
26840495,75.0,0.0,Cumbria,54.47926712,-2.384640694,Reggie,509406.9688,375079.9375
21468380,57.0,0.0,Leeds,53.80939865,-1.451363325,Bilal,434953.1563,436123.3125
9530917,26.0,0.0,Coventry,52.39496994,-1.561190009,Francis,277571.5625,429855.75
16758321,45.0,0.0,Warwickshire,52.1621666,-1.285233617,Amrit,251830.1406,448886.5625
48704948,53.0,1.0,Somerset,51.12423706,-3.57768631,Sophia,137347.9844,289603.8125
32673187,10.0,1.0,Kent,50.99864197,0.795912743,Amber,125919.9063,596158.875
56167871,77.0,1.0,Cheshire East,53.23901749,-2.361849308,Violet,371424.6875,375852.8438
31065190,6.0,1.0,Lincolnshire,53.31246948,-0.198062852,Lottie,381047.9688,520036.5938
16161572,43.0,0.0,Brighton and Hove,50.86497116,-0.111862727,Henry,109034.2656,532856.4375
5636173,15.0,0.0,Merton,51.38748169,-0.162749931,James,167038.8906,527825.25
8115298,22.0,0.0,Kent,51.17839813,0.886703193,Romeo,146148.0156,601743.5
54823727,71.0,1.0,Surrey,51.24283981,-0.811391652,Leia,150024.375,482958.8125
33033815,11.0,1.0,West Sussex,50.95772934,-0.527994633,Safaa,118681.7188,503371.5938
8430141,23.0,0.0,Wandsworth,51.47380829,-0.247185558,Tyler,176494.1406,521721.4375
46222487,47.0,1.0,Dorset,51.09539795,-2.581379652,Keira,133119.0781,359292.5625
25250344,69.0,0.0,Leicestershire,52.56711578,-1.256496906,Nathan,296887.3438,450389.1563
45095944,45.0,1.0,Oldham,53.60533142,-2.039904833,Edith,412112.5938,397359.8125
55004868,72.0,1.0,Coventry,52.39907074,-1.579546928,Lamara,278020.7188,428604.125
31697698,8.0,1.0,Sunderland,54.8576622,-1.450264215,Jiayi,551578.8125,435286.5625
943470,2.0,0.0,Hounslow,51.47768402,-0.491860032,Archie,176546.8125,504722.4688
47230106,50.0,1.0,Birmingham,52.52684021,-1.760559678,Daisy,292175.1875,416242.4688
17891636,48.0,0.0,Derby,52.92028046,-1.519390583,Oscar,336017.4063,432310.0313
55238624,73.0,1.0,Leicester,52.60760117,-1.112837434,Willow,301499.875,460069.7813
13944905,37.0,0.0,Newham,51.50500107,0.007851621,Charlie,180416.9531,539335.4375
48722767,53.0,1.0,Caerphilly,51.57600784,-3.324508667,Elsie,187233.2031,308225.9063
13477061,36.0,0.0,Birmingham,52.33730316,-1.883039713,Toby,271073.6875,407968.125
49165926,55.0,1.0,Cheshire West and Chester,53.14344025,-2.740316629,Kenzie,360987.7813,350487.0313
41260939,34.0,1.0,East Sussex,50.98934174,0.485366285,Victoria,124105.2578,574409.0625
30017360,3.0,1.0,Nottinghamshire,53.0664711,-1.286759019,Amelia,352408.0,447787.375
34053377,14.0,1.0,Monmouthshire,51.75251007,-2.851195574,Mila,206373.0469,341249.4063
27319972,77.0,0.0,Hertfordshire,51.71039963,-0.586102724,Brody,202293.6094,497678.2188
52299723,63.0,1.0,Surrey,51.19737244,-0.293959588,Sophie,145680.3281,519188.3438
11302359,30.0,0.0,Windsor and Maidenhead,51.45747757,-0.681417763,Oliver,174045.375,491600.9688
23120753,62.0,0.0,Blackburn with Darwen,53.63976669,-2.351584673,Vinnie,416000.2813,376757.5625
52489740,64.0,1.0,Dudley,52.45140076,-2.104732513,Alexis,283762.8438,392883.2813
57817073,86.0,1.0,Gloucestershire,51.87706757,-2.429966688,Skyla,219969.8281,370404.6875
50054798,57.0,1.0,Leicestershire,52.65274429,-1.6180619,Lilly-May,306220.375,425834.625
17682148,47.0,0.0,West Berkshire,51.38282013,-1.099458456,Charlie,165303.625,462662.625
20433831,54.0,0.0,Southwark,51.43431091,-0.072387882,Oliver,172407.3906,533974.625
47557464,51.0,1.0,North Yorkshire,54.03119659,-1.271275163,Siena,459734.2813,447726.8438
27685345,79.0,0.0,East Sussex,51.10595322,0.068317175,Benjamin,136166.0938,544781.6875
47193878,50.0,1.0,Lincolnshire,52.95853806,-0.499998331,Mia-Rose,341217.6563,500749.2188
29034627,0.0,1.0,Sandwell,52.45536423,-2.086034775,Eliza,284202.1563,394154.3438
54909808,72.0,1.0,Warrington,53.4732666,-2.567391872,Arabella,397570.8438,362343.5938
2333766,6.0,0.0,Luton,51.91295242,-0.425654709,Ronnie,225044.2969,508275.5
12251246,33.0,0.0,Doncaster,53.44504166,-0.893084466,Thomas,394852.0313,473511.0
36921301,23.0,1.0,Enfield,51.63646317,-0.055417053,Neha,194915.5469,534556.5
27005243,75.0,0.0,"Bristol, City of",51.50218201,-2.615315676,Reuben,178371.5938,357295.5625
17745554,47.0,0.0,South Gloucestershire,51.60050201,-2.515337706,Sebastian,189251.5938,364311.25
13896028,37.0,0.0,Essex,51.82482147,0.466994435,Emilio,216949.7656,569992.0625
43369502,40.0,1.0,Leeds,53.8143425,-1.544297338,Erin,435459.9688,430000.8438
8644978,24.0,0.0,"Kingston upon Hull, City of",53.72427368,-0.3574754,Richie,426596.0313,508362.0625
22897386,61.0,0.0,Nottinghamshire,53.38650131,-0.93457973,Kalin,388298.1875,470852.5938
36490389,22.0,1.0,Central Bedfordshire,52.01959229,-0.299286515,Ava,237098.2813,516688.5625
7399701,20.0,0.0,Plymouth,50.42932892,-4.157583237,Aaron,61122.66797,246775.1563
23504717,63.0,0.0,Derbyshire,53.11262894,-1.544780493,Jaxson,357401.4375,430467.375
18058047,48.0,0.0,Redbridge,51.57037354,0.061272714,George,187788.5938,542837.4375
52305844,63.0,1.0,West Sussex,50.85681915,-0.218923897,Isabella,107940.7813,525345.5625
38029151,26.0,1.0,Newham,51.53675461,0.056588139,Jasmine,184041.8594,542618.0
3442253,9.0,0.0,Birmingham,52.4635582,-1.877548099,Dylan,285116.9688,408318.4688
38952043,28.0,1.0,Devon,50.46363831,-3.741330862,Daisy,64160.88672,276423.5938
38349791,27.0,1.0,Coventry,52.41148376,-1.505022407,Olivia,279433.0625,433664.6875
52493574,64.0,1.0,Walsall,52.61673355,-1.901135445,Ameerah,302151.3438,406692.7813
12538219,33.0,0.0,Wiltshire,51.45472717,-1.894187331,Oliver,172920.5313,407351.3125
33615139,13.0,1.0,Barking and Dagenham,51.56774521,0.119982556,Aurora,187612.9375,546913.8125
25365166,69.0,0.0,Wokingham,51.41820145,-0.825404763,Harry,169508.0625,481668.625
58007804,88.0,1.0,Buckinghamshire,51.69796753,-0.835793197,Skyla-Jane,200606.2344,480451.1875
31279212,6.0,1.0,"Bristol, City of",51.46914291,-2.607043982,Florence,174692.9688,357839.1875
5922953,16.0,0.0,Kensington and Chelsea,51.51041794,-0.174798489,Chester,180687.2813,526646.375
47785827,51.0,1.0,East Sussex,50.90223694,0.208544791,Lilia,113802.6563,555275.4375
55442476,74.0,1.0,Sunderland,54.89780807,-1.376465201,Amber,556085.125,439983.7813
6465127,18.0,0.0,Calderdale,53.71413803,-1.909215927,Bobby,424220.0313,405990.9688
27946112,81.0,0.0,Coventry,52.46304703,-1.506534815,Kaelan,285167.0313,433522.6875
51914234,62.0,1.0,Newham,51.52760696,-0.011537592,Cara-Rose,182893.5625,537921.75
42957305,39.0,1.0,Wigan,53.48432541,-2.560442209,Scarlett,398797.6563,362814.5
49625270,56.0,1.0,North Yorkshire,53.65120697,-1.986174822,Pippa,417216.0,400913.6875
4913547,13.0,0.0,Essex,51.60386658,0.692950487,Joey,192935.7969,586466.3125
2090638,5.0,0.0,Kent,51.0749054,0.520869255,Otto,133702.3594,576574.5
17883255,48.0,0.0,Leeds,53.81648636,-1.441585064,Yaqub,435746.9063,436760.9063
8258935,23.0,0.0,East Riding of Yorkshire,53.95723724,-0.503455222,Liam,452297.375,498185.4375
12460604,33.0,0.0,Redbridge,51.5963707,0.023515878,Rafferty,190606.3125,540141.25
45790173,46.0,1.0,Cornwall,50.51448441,-4.994621277,Aviana,72649.46875,187721.9844
16702944,45.0,0.0,Bradford,53.7863884,-1.823402762,Adam,432268.4688,411633.9063
14206762,38.0,0.0,Leicester,52.66407776,-1.105788112,Tommy,307787.3438,460469.1563
20511541,54.0,0.0,Kent,51.20763397,0.541473806,Freddie,148507.8125,577507.5625
47780514,51.0,1.0,Buckinghamshire,51.92154312,-0.831384659,Jessica,225474.0781,480357.1875
6081350,17.0,0.0,Cumbria,54.19913101,-3.158665419,Gabriel,478791.6563,324421.8438
45744368,46.0,1.0,Hampshire,51.03967285,-1.757245421,Emily,126789.7813,417017.8125
49872431,56.0,1.0,Surrey,51.45405579,-0.266498595,Maria,174265.875,520432.375
9481831,26.0,0.0,Derbyshire,53.16058731,-1.489374042,Muhammad,362761.0,434137.5938
36321605,22.0,1.0,Darlington,54.5174942,-1.576785326,Natalia,513674.25,427393.5938
41995160,36.0,1.0,Enfield,51.60866928,-0.02029049,Jessica,191890.6406,537070.625
9045698,25.0,0.0,North Yorkshire,54.37506104,-1.902562976,Freddie,497749.25,406328.7813
6744752,19.0,0.0,Cheshire East,53.19833374,-2.439780712,Cody,366928.3125,370624.5
18472411,49.0,0.0,West Berkshire,51.47480011,-1.369227767,Patrick,175336.1719,443803.375
27458117,78.0,0.0,"Herefordshire, County of",51.99123764,-2.737514496,Syed,232836.3125,349364.5313
57981311,88.0,1.0,Worcestershire,52.14451599,-2.213398457,Beatrice,249647.9063,385398.7188
4036123,11.0,0.0,County Durham,54.6920166,-1.318677306,Harry,533222.4375,443911.8438
14193145,38.0,0.0,Calderdale,53.81778336,-1.934483171,Alexander,435748.625,404312.9063
2052731,5.0,0.0,Waltham Forest,51.6028862,-0.006410553,Jai,191273.5313,538049.125
8852861,24.0,0.0,Merton,51.39049911,-0.186392054,Zachary,167333.5781,526172.1875
319471,0.0,0.0,Gloucestershire,52.0161438,-2.19837141,Rory,235368.0469,386387.9063
54593123,71.0,1.0,Sefton,53.4995842,-2.985876083,Aoife,400800.7813,334610.9688
46016176,47.0,1.0,Walsall,52.64437103,-1.938208938,Ariya,305222.2813,404180.4063
41216545,34.0,1.0,Enfield,51.65236664,-0.141792059,Annie,196528.8125,528535.25
39992933,31.0,1.0,Haringey,51.59796524,-0.109528698,Rubie,190536.9531,530923.3125
33774415,14.0,1.0,Trafford,53.45045471,-2.335002661,Luella,394935.5625,377754.6875
46210029,47.0,1.0,Torbay,50.46160126,-3.535301208,Layla-Mai,63612.10156,291039.4063
50798219,59.0,1.0,Lincolnshire,53.06319809,-0.343075901,Aairah,353089.625,511019.375
43552018,40.0,1.0,Windsor and Maidenhead,51.45640945,-0.630897164,Gabriela,173990.9375,495112.6875
56705790,79.0,1.0,Kent,51.01933289,0.880251169,Siena,128448.0469,601985.0
8911942,24.0,0.0,West Sussex,50.83106613,-0.812203884,Luke,104238.2422,483640.25
16915800,45.0,0.0,Hampshire,51.26966858,-0.823015451,Thomas,152994.5313,482099.7188
51803997,62.0,1.0,Kirklees,53.54650116,-1.782934904,Ivy,405589.5313,414381.3125
43979501,41.0,1.0,Cardiff,51.52457047,-3.166740656,Lexi,181327.4219,319065.9063
4794319,13.0,0.0,Lancashire,53.82553482,-2.528256893,Jayden,436738.375,365231.875
22815734,61.0,0.0,Rochdale,53.53904343,-2.144183874,Elijah,404747.9375,390445.625
39782254,31.0,1.0,Stockton-on-Tees,54.54200745,-1.245228648,Isabella,516581.1563,448824.8125
3740430,10.0,0.0,Rotherham,53.32455444,-1.388501287,Nour,381052.9375,440725.375
33721750,13.0,1.0,Somerset,51.47123718,-3.632505417,Josie,176014.7188,286626.3125
35664731,20.0,1.0,Rochdale,53.59603882,-2.126904011,Anya,411086.0313,391601.9688
46662901,49.0,1.0,Stockton-on-Tees,54.54866791,-1.32024169,Sophia,517272.9688,443965.2813
16620700,45.0,0.0,Darlington,54.51291656,-1.477041006,Benjamin,513208.5,433853.5
45730763,46.0,1.0,Reading,51.45184708,-0.989040792,Ellie,173079.7188,470239.8125
16356230,44.0,0.0,Derbyshire,53.33838272,-1.662332535,Max,382469.9063,422481.2188
46492810,48.0,1.0,Wandsworth,51.44297028,-0.196132138,Dolly,173151.3438,525351.0
34640661,16.0,1.0,Dorset,50.69011307,-2.091588974,Gia,87897.73438,393531.125
23408286,62.0,0.0,Neath Port Talbot,51.67680359,-3.769207716,Mason,199092.9531,277686.4063
16693576,45.0,0.0,Doncaster,53.54652786,-1.025052309,Thomas,406013.0938,464592.75
16758004,45.0,0.0,Warwickshire,52.53417206,-1.324702978,Marcus,293177.625,445801.0
52337720,63.0,1.0,Somerset,50.73970413,-3.351679087,Poppy-Mae,94278.69531,304634.4063
2087392,5.0,0.0,Kent,51.36553955,0.664512873,Archie,166367.3594,585462.375
14961838,40.0,0.0,Derbyshire,53.18875504,-1.965252399,Flynn,365773.375,402321.5
52537347,64.0,1.0,Haringey,51.58439255,-0.101912126,Olivia,189041.5625,531489.9375
21798781,58.0,0.0,Liverpool,53.42667007,-2.91100359,Liam,392623.8125,339473.1875
44995987,44.0,1.0,Oxfordshire,51.55153656,-1.487678409,Mia,183805.3281,435518.0
372238,1.0,0.0,Oldham,53.56769943,-1.961505294,Malachi,407926.7813,402549.125
14452402,38.0,0.0,"Bristol, City of",51.44255829,-2.627780437,Amadou,171749.0313,356373.6563
10174532,27.0,0.0,Cardiff,51.49094009,-3.048789978,Zakariya,177463.7656,327194.0938
53020291,66.0,1.0,Lancashire,53.78371811,-1.932828903,Maryam,431959.0313,404425.4063
23403379,62.0,0.0,Powys,52.27788162,-3.357648373,Muhammad,265326.6875,307385.9688
16723184,45.0,0.0,Derbyshire,52.9535675,-1.514405489,Lewis,339721.7188,432620.125
9085568,25.0,0.0,Rutland,52.63277435,-0.514196217,Muhammad,304966.75,500544.1563
10192815,28.0,0.0,Newcastle upon Tyne,55.05385208,-1.579601288,Mason,573350.875,426853.5625
44847068,44.0,1.0,Wolverhampton,52.56401825,-2.159170628,Sophia,296295.0938,389211.75
6462645,18.0,0.0,Bradford,53.99734879,-1.794802427,Cyrus,455742.625,413450.1563
5324192,14.0,0.0,Portsmouth,50.83888626,-1.069278955,George,104848.3125,465527.375
51059227,60.0,1.0,Cheshire East,53.0843277,-2.262384176,Viktorija,354188.4063,382427.3438
55636214,74.0,1.0,Kent,51.44044876,0.725530446,Isla,174851.2031,589398.9375
15171091,40.0,0.0,West Sussex,50.89261627,-0.435764641,Huw,111575.5703,510001.5938
52587936,64.0,1.0,Hampshire,50.73394775,-1.630882502,Jasmine,92832.76563,426046.125
48095126,52.0,1.0,Essex,51.66544342,0.838371694,Alanna,200162.8438,596267.6875
43766722,41.0,1.0,Birmingham,52.50003815,-1.8652035,Aiza,289175.8438,409149.5
29291568,1.0,1.0,Rotherham,53.34909821,-1.2430861,Taiwo,383875.4688,450380.8125
25006621,68.0,0.0,Central Bedfordshire,51.99528885,-0.501012862,Jeremiah,234090.75,502904.375
11379499,30.0,0.0,Carmarthenshire,51.73880768,-3.880740404,Idris,206180.2344,270153.9375
1435586,4.0,0.0,Blackpool,53.78965378,-3.024450779,Zachary,433103.9688,332517.2188
11080044,30.0,0.0,Kirklees,53.57468796,-1.783075452,Oscar,408725.1563,414362.4375
22353395,59.0,0.0,East Sussex,50.85572433,0.40827632,Munashe,109071.25,569484.9375
7147554,20.0,0.0,York,53.92675018,-1.025551558,Harry,448309.0,463979.5938
51010056,59.0,1.0,Dorset,50.83432007,-3.022275448,Sofia,104425.7969,328019.8438
5618072,15.0,0.0,Brent,51.5652771,-0.307265073,Max,186566.4063,517314.3125
5756369,16.0,0.0,Cheshire West and Chester,53.12545395,-2.737479687,Mohammed,358985.5,350656.1875
24944808,68.0,0.0,Leeds,53.91588593,-1.645997524,Maxwell,446718.3438,423249.1563
23760907,64.0,0.0,Liverpool,53.41371918,-2.906340599,Louie,391179.7813,339764.6875
7662606,21.0,0.0,Lambeth,51.45316696,-0.111750029,Cohan,174432.6094,531185.0
13868313,37.0,0.0,Coventry,52.43144608,-1.496455908,Hayden-Lee,281657.1875,434231.8438
32792160,11.0,1.0,Liverpool,53.45898056,-2.942332745,Jessie,396245.2188,337439.25
13288555,35.0,0.0,West Sussex,50.98904419,-0.476422429,Elyas,122236.8438,506921.125
19884724,53.0,0.0,Bradford,53.81566238,-1.835160017,Jack,435523.2813,410851.8125
3356527,9.0,0.0,St. Helens,53.47084045,-2.80004096,Douglas,397448.8438,346900.5
25020921,68.0,0.0,Essex,51.73777008,0.298651248,Jorden,206891.3281,558698.9375
51423247,61.0,1.0,Salford,53.46542358,-2.409524441,Mia,396626.4688,372815.8125
54915958,72.0,1.0,Manchester,53.47550964,-2.266026497,Alice,397703.5313,382345.3438
30680161,5.0,1.0,Kirklees,53.66287231,-2.060498953,Ada,418514.5938,396002.7188
58350798,90.0,1.0,Redbridge,51.56772614,0.085364252,Aria,187541.625,544515.125
58376765,90.0,1.0,East Sussex,50.93299484,0.11877618,Chloe,117037.3594,548866.5
5815611,16.0,0.0,Kirklees,53.61296844,-1.710483074,Jack,413001.0313,419151.4063
16914456,45.0,0.0,Hampshire,51.00369263,-1.460222602,Lionel,122899.8125,437869.2188
27064181,76.0,0.0,Wigan,53.47364426,-2.578723907,Elijah,397619.0625,361591.875
8200205,23.0,0.0,Redcar and Cleveland,54.47867203,-1.048633814,Jake,509688.9375,461637.125
11571184,31.0,0.0,Essex,52.02510071,0.290727705,Adam,238822.5625,557146.4375
38477001,27.0,1.0,Sutton,51.3404007,-0.12789686,Liberty,161865.8125,530383.5625
10281271,28.0,0.0,Leeds,53.87293625,-1.594742417,Noah,441958.4063,426642.625
3536874,9.0,0.0,Ealing,51.52587509,-0.343960315,Alex,182127.1563,514870.5
10585527,28.0,0.0,Caerphilly,51.64009476,-3.080596685,Theo,194081.8594,325231.1875
10578766,28.0,0.0,Swansea,51.68058777,-4.11150074,Carson,200142.625,254036.5313
39069771,29.0,1.0,Kirklees,53.59671021,-1.766392589,Freya,411178.3125,415458.9688
57122330,82.0,1.0,Blackpool,53.82027817,-2.99138689,Maria,436479.6563,334742.7188
4671142,12.0,0.0,Hampshire,50.74047852,-1.895385027,Patrick,93498.67188,407380.9375
36176414,21.0,1.0,Haringey,51.58451462,-0.133072585,Teagan,188999.6719,529331.0625
19454887,52.0,0.0,East Riding of Yorkshire,53.87354279,-0.903445423,Luca,442506.8438,472088.0313
11877490,32.0,0.0,Wakefield,53.62876511,-1.385183573,Stanley,414894.75,440654.5
28294028,84.0,0.0,"Kingston upon Hull, City of",53.76454544,-0.272600412,Myles,431208.625,513852.0625
11245161,30.0,0.0,Barking and Dagenham,51.53370667,0.15351598,Caius,183896.2344,549348.875
37932705,26.0,1.0,Telford and Wrekin,52.77510071,-2.494954348,Evie,319875.5,366614.4063
50440079,58.0,1.0,Northamptonshire,52.24480057,-0.893693149,Georgia,261355.8906,475525.1563
48473357,53.0,1.0,Warwickshire,52.00842667,-1.50218308,Nina,234608.0625,434165.5938
39178376,29.0,1.0,Norfolk,53.30742645,0.731452942,Elissa,382452.5313,581966.875
40830995,33.0,1.0,Enfield,51.64742661,-0.121785648,Adriana,196015.1563,529933.125
11359526,30.0,0.0,Wiltshire,51.24150085,-1.818638802,Noe,149220.0938,412658.6563
41755747,36.0,1.0,Cheshire East,53.3689537,-2.445368528,Elodie,385909.5625,370369.5
15235210,41.0,0.0,Cheshire West and Chester,53.09377289,-2.799820662,Ashton,355506.25,346445.75
15980094,43.0,0.0,Sheffield,53.48242188,-1.549761057,Muhammed,398533.9063,429874.8438
6430071,18.0,0.0,Lancashire,53.67907333,-2.467710972,Joshua,420417.1875,369109.5
53253853,66.0,1.0,Gloucestershire,51.60678864,-2.318534613,Lily,189873.3906,377943.4688
55675061,74.0,1.0,Gloucestershire,51.70048904,-2.058326721,Ameenah,200246.6406,395969.5625
4317665,11.0,0.0,Hampshire,51.2894249,-1.435511231,Joe,154684.4844,439359.0938
40059272,31.0,1.0,Redbridge,51.57077789,0.138105452,Eve,187987.0469,548159.75
22550078,60.0,0.0,Leicestershire,52.56787109,-1.886840105,Raja,296717.6563,407669.0625
28008846,81.0,0.0,North Somerset,51.31464005,-2.847589254,Leo,157678.3281,340934.2813
210650,0.0,0.0,Barking and Dagenham,51.55059814,0.163839042,Miller,185795.3906,550009.125
1601027,4.0,0.0,Essex,52.08368301,0.687117517,Owen,246267.25,584093.75
51574579,61.0,1.0,Suffolk,52.14544296,1.361425877,Orla,255058.2656,629960.5
49291567,55.0,1.0,Staffordshire,52.77526855,-2.061355352,Amelia,319781.4688,395861.4688
8761100,24.0,0.0,Cambridgeshire,52.29478455,-0.349420279,Lenny,267621.25,512552.6563
31079604,6.0,1.0,Shropshire,52.60384369,-2.537458897,Anh,300848.5313,363605.2813
11486008,31.0,0.0,Wakefield,53.59088516,-1.368047476,Alexander,410690.875,441825.0
7762211,21.0,0.0,"Bristol, City of",51.4897995,-2.550044775,Daniel,176958.8906,361815.1563
35044655,18.0,1.0,Sheffield,53.39721298,-1.65240109,Alice,389017.4063,423110.5625
37521624,25.0,1.0,Nottingham,52.96137619,-1.111651182,Eliza,340849.375,459664.1875
37781576,25.0,1.0,Vale of Glamorgan,51.38975906,-3.504279852,Skye,166764.2031,295344.8125
51675597,61.0,1.0,Cornwall,50.59606552,-4.779398918,Isis,81123.83594,203315.9219
9842607,27.0,0.0,North Lincolnshire,53.62537003,-0.592816532,Regan,415261.25,493054.6875
8241822,23.0,0.0,Lancashire,53.9670105,-2.467293501,Ruaridh,452449.2813,369347.9688
19640574,52.0,0.0,Bromley,51.40023041,0.040744673,Harvey,168831.25,541942.5
11557042,31.0,0.0,Luton,51.91444778,-0.415154576,Azaan,225226.3281,508994.0
11328779,30.0,0.0,Oxfordshire,51.72665024,-1.238172412,Simon,203429.5781,452612.4063
12388038,33.0,0.0,Haringey,51.57883453,-0.153704494,Ethan,188331.5,527917.875
18898518,50.0,0.0,Kent,50.74552917,0.574598312,Filip,97215.71875,581615.375
42992014,39.0,1.0,Bradford,53.79834747,-1.972112417,Pandora,433584.5,401836.6563
19037098,51.0,0.0,Lancashire,53.92321777,-2.739008188,Vaughan,447728.5625,351474.3438
37300787,24.0,1.0,Hounslow,51.46051788,-0.354014844,India-Rose,174843.6563,514336.5625
37435965,25.0,1.0,Warrington,53.48143387,-2.541075706,Ayaana,398465.9688,364097.0313
47888990,51.0,1.0,Monmouthshire,51.81842422,-3.075245142,Phoebe-Marie,213907.2813,325893.6875
1723201,4.0,0.0,Oxfordshire,51.90250015,-1.419938326,Lucas,222869.7813,439904.0
20677140,55.0,0.0,North Yorkshire,54.12537003,-1.201966405,William,470260.0313,452147.875
31198136,6.0,1.0,Greenwich,51.45092392,0.027970865,Fatima,174442.6406,540898.0625
3462928,9.0,0.0,Central Bedfordshire,51.92547989,-0.611296952,Harvey,226177.4375,495482.0313
28601922,87.0,0.0,Portsmouth,50.81355286,-1.021525502,Aslan,102074.6094,468926.6875
35288971,18.0,1.0,Cardiff,51.46764755,-3.305567741,Sophia,175160.125,309323.25
20130375,53.0,0.0,West Sussex,51.00663757,-0.241690353,Darwin,124559.3359,523346.4375
350279,1.0,0.0,Newcastle upon Tyne,55.00337601,-1.627224922,David,567716.9375,423841.5
47196891,50.0,1.0,Northamptonshire,52.69519424,-0.6454705,Isobel,311734.0313,491530.7813
38782521,28.0,1.0,Hertfordshire,51.84440994,-0.239025027,Edith,217716.3906,521294.375
7980932,22.0,0.0,Dudley,52.47740555,-2.087827682,Fletcher,286653.75,394035.5
30619177,5.0,1.0,Warrington,53.38780594,-2.505955458,Caitlin,388033.75,366353.5313
25481063,70.0,0.0,Manchester,53.4556694,-2.308455467,Joseph,395507.6875,379520.0313
31578151,7.0,1.0,Waltham Forest,51.61184692,0.010361344,Iris,192301.75,539183.0
45837637,46.0,1.0,Monmouthshire,51.85586929,-3.044667482,Grace,218040.5,328060.75
38436626,27.0,1.0,Wandsworth,51.46092987,-0.178870127,Imogen,175177.6094,526500.75
28931901,0.0,1.0,Rochdale,53.60577011,-2.044075966,Sophia,412162.1563,397083.875
21436092,57.0,0.0,St. Helens,53.46443939,-2.671215057,Charlie,396649.0625,355443.9688
23399619,62.0,0.0,Gwynedd,52.83411789,-3.553095579,Joe,327455.375,295385.6563
48840697,54.0,1.0,Leicester,52.60812759,-1.156730056,Hollie,301523.5,457097.1563
45849509,47.0,1.0,Stockton-on-Tees,54.5624733,-1.35599494,Mila,518787.0313,441638.8125
33664361,13.0,1.0,Hampshire,50.98445129,-1.423292637,Daisy,120779.6406,440476.8125
47886282,51.0,1.0,Merthyr Tydfil,51.78165436,-3.410451889,Ellie,210212.3125,302712.9688
2215730,6.0,0.0,Knowsley,53.41810226,-2.985282183,Sebastian,391736.6563,334525.125
14147013,38.0,0.0,Stockport,53.36053085,-2.125033855,Charley,384887.6563,391679.8125
200206,0.0,0.0,Newham,51.52639008,0.032422572,Fergus,182842.5938,540974.3125
35680563,20.0,1.0,Liverpool,53.37753677,-2.804207087,Amiyah-Rose,387073.0938,346507.0
42931776,39.0,1.0,Cheshire East,53.25540161,-2.52387166,Simona,373313.9375,365054.0938
49277445,55.0,1.0,Northamptonshire,52.25287628,-1.179521918,Paisley,261994.7344,456002.4688
38209429,27.0,1.0,Warrington,53.37787628,-2.555635929,Amelia,386953.6563,363041.1563
52763405,65.0,1.0,Leicestershire,52.71164703,-1.18828547,Georgia,313012.125,454830.9375
21061843,56.0,0.0,"Kingston upon Hull, City of",53.78212357,-0.308688819,Ray,433106.5,511427.1563
19159830,51.0,0.0,Worcestershire,52.01709747,-2.262415171,Howie,235487.875,381993.6563
15510502,41.0,0.0,Surrey,51.06483841,-0.58043319,Max,130518.5625,499459.875
38940005,28.0,1.0,Plymouth,50.40454102,-4.100092888,Ella,58249.78906,250779.7031
36232367,21.0,1.0,Slough,51.53251266,-0.637716055,Effie,182444.7813,494481.5
10770360,29.0,0.0,Cambridgeshire,52.54937363,-0.69138217,Nikodem,295458.875,488722.9063
51772774,62.0,1.0,Liverpool,53.38792801,-3.076141119,April,388467.6563,328436.875
57776812,86.0,1.0,Barnet,51.63694382,-0.229423016,Signe,194662.9531,522515.6875
34898322,17.0,1.0,East Sussex,50.98352814,0.343073964,Jessica,123131.9531,564445.5
30662756,5.0,1.0,North Yorkshire,53.96883774,-2.239520073,Samah,452577.625,384289.375
2131163,5.0,0.0,Devon,50.43286514,-4.043143272,Alexander,61285.86719,254912.4375
19711709,52.0,0.0,Kent,51.51093292,0.649604559,Nicholas,182493.7188,583839.9375
1007541,2.0,0.0,West Sussex,50.9196434,-0.262318045,Leo,114852.9297,522127.4063
54530509,70.0,1.0,Caerphilly,51.67466354,-3.106783867,Imogen,197952.9844,323477.5625
3920424,10.0,0.0,Redbridge,51.61602783,0.086905934,Travis,192915.4531,544468.5625
8457987,23.0,0.0,Hounslow,51.43396759,-0.406303942,Jesse,171811.2969,510768.7813
8891355,24.0,0.0,Kent,51.31303024,0.861860812,Damien,161047.5313,599424.125
46297006,48.0,1.0,Tameside,53.50821686,-2.084795713,Alina,401312.25,394376.9063
52078932,63.0,1.0,Stockport,53.35979462,-2.131245613,Florence,384806.6875,391266.2813
8227055,23.0,0.0,Manchester,53.44831848,-2.230459452,Archer,394670.25,384695.9375
53722741,68.0,1.0,Central Bedfordshire,51.97674179,-0.358649671,Jasmine,232239.3125,512723.4375
45847283,47.0,1.0,Northumberland,55.41867065,-2.618738651,Evelyn,614038.8125,360837.4375
52151621,63.0,1.0,Nottinghamshire,53.17576981,-1.169187307,Xuan,364650.4063,455523.5625
57074720,81.0,1.0,Kent,51.35268784,0.251587778,Rosa,163974.9063,556768.3125
25668218,70.0,0.0,Buckinghamshire,51.85570908,-0.566218138,Noah,218478.5,498734.125
2145772,5.0,0.0,Flintshire,53.21103668,-3.152519941,Oscar,368870.7813,323040.5
7816721,22.0,0.0,Hartlepool,54.7088356,-1.342820883,William,535079.0,442338.25
50121698,57.0,1.0,Cambridgeshire,52.32480621,-0.450832069,Cerys,270807.1563,505566.375
52130123,63.0,1.0,Derby,52.90282059,-1.46474731,Mila-Mae,334101.1563,435998.0
29629823,2.0,1.0,Sheffield,53.42456436,-1.419980884,Freya,392160.3438,438538.4688
19877602,53.0,0.0,Rotherham,53.43240738,-1.251674652,Noah,393136.6563,449712.0
54145333,69.0,1.0,West Sussex,50.9092865,-0.821672499,Amelie,112924.9141,482834.75
6469785,18.0,0.0,Leeds,53.74150085,-1.573560715,Jayden,427344.7813,428123.0
7334742,20.0,0.0,Brighton and Hove,50.8734169,-0.137012199,Anthony,109928.6406,531063.25
49456520,55.0,1.0,Kent,51.12021255,0.501696467,Isla,138693.6094,575060.4375
54192963,69.0,1.0,Swansea,51.67491913,-3.870922327,Darcie,199058.6719,270649.5938
28342883,84.0,0.0,Kingston upon Thames,51.41580582,-0.271438897,Victor,170004.8125,520189.5
37957212,26.0,1.0,Dudley,52.47409439,-2.115604162,Octavia,286287.9688,392148.5938
1737103,4.0,0.0,West Sussex,50.89609528,-0.833956957,Daniel,111444.3516,481994.375
8802565,24.0,0.0,Islington,51.53972244,-0.103219159,Mohammad,184072.3906,531528.25
55626119,74.0,1.0,Hampshire,50.76082611,-1.709922552,Nazneen,95796.34375,420457.125
4615731,12.0,0.0,Brent,51.57550049,-0.338475972,Rudy,187653.7813,515125.5625
56741365,79.0,1.0,Carmarthenshire,51.9711113,-4.203093529,Aurora,232633.0156,248682.5938
32273142,9.0,1.0,Havering,51.60271835,0.243334204,Muntaha,191756.6094,555341.6875
34937580,17.0,1.0,Cornwall,50.54813766,-4.294765472,Anara,74622.10938,237442.1563
11136670,30.0,0.0,Birmingham,52.46903992,-1.946356893,Jesse,285720.5,403643.6563
53471966,67.0,1.0,Greenwich,51.44697952,0.042113882,Cataleya,174031.7656,541892.8125
38349430,27.0,1.0,Coventry,52.47423553,-1.500062346,Lara,286414.75,433953.75
25793460,71.0,0.0,Rochdale,53.62666702,-2.233788729,Finley,414510.9063,384539.9688
5700916,15.0,0.0,North Somerset,51.32394791,-2.847153664,Harry,158712.8125,340976.5938
18079901,48.0,0.0,Buckinghamshire,51.7987709,-0.817258894,Soul,211836.4375,481550.1875
10095140,27.0,0.0,Hampshire,51.33533859,-1.437970281,Tajus,159789.3281,439148.5313
16946637,45.0,0.0,Bath and North East Somerset,51.27383804,-2.420967102,Sean,152884.125,370638.0
54406455,70.0,1.0,Brent,51.57607651,-0.251477033,Bonnie,187858.125,521151.6875
8709108,24.0,0.0,Nottinghamshire,53.13301849,-1.067914605,Rupert,359978.2813,462353.4063
23160255,62.0,0.0,Wirral,53.3772316,-2.952326298,Leo,387160.8438,336654.4063
17477622,47.0,0.0,Bradford,53.83483887,-1.861598969,Noah,437652.8125,409107.125
4143876,11.0,0.0,Lincolnshire,53.24583817,-0.453938782,Archie,373237.375,503152.9375
8494956,23.0,0.0,Hampshire,51.19565201,-1.341288686,Benjamin,144312.4531,446022.2188
21754748,58.0,0.0,Gateshead,54.92002869,-1.756993055,Otis,558406.375,415574.1563
34710690,17.0,1.0,Liverpool,53.3848114,-2.887264729,Lilly,387948.0938,340992.4688
9093891,25.0,0.0,Leicestershire,52.78654099,-1.264121294,Carter,321287.4375,449623.1563
18938505,50.0,0.0,Torbay,50.43061447,-3.575882673,Franciszek,60227.61719,288086.4063
46405200,48.0,1.0,Warwickshire,51.84985352,-1.737164736,Quinn,216888.9375,418102.3125
44925164,44.0,1.0,Bromley,51.4140358,0.074306428,Madison,170431.5313,544233.1875
41614801,35.0,1.0,Hillingdon,51.61176682,-0.441806674,April,191529.0,507880.3125
14096414,37.0,0.0,Pembrokeshire,51.81878281,-4.901190281,Subhaan,217381.2969,200067.8125
53357874,67.0,1.0,Leeds,53.89445114,-1.497064948,Poppy,444393.0625,433047.1875
37079559,24.0,1.0,Stockport,53.37117767,-2.113579035,Amelia,386070.5,392443.9063
22651214,60.0,0.0,Barnet,51.63379669,-0.202502668,Henry,194358.3281,524386.9375
37034783,23.0,1.0,Caerphilly,51.66231918,-3.141344547,Adara,196617.3125,321066.6875
22976054,61.0,0.0,Tower Hamlets,51.52885437,-0.058570221,Oakley,182944.9688,534656.125
5174818,14.0,0.0,Nottingham,52.96844864,-1.181733251,George,341580.125,454948.4063
43836096,41.0,1.0,Southwark,51.47054672,-0.13528797,Maleeha,176323.0781,529500.6875
9226440,25.0,0.0,Brent,51.55953598,-0.280509293,Tommy,185971.3906,519183.5
2490405,6.0,0.0,Surrey,51.42316818,-0.160040647,Romeo,171012.0938,527914.0625
23355798,62.0,0.0,Oxfordshire,51.68224716,-1.125818014,Aronas,198578.7031,460430.6875
53048622,66.0,1.0,Bradford,53.80805206,-1.670306325,Honor,434714.3438,421708.4375
25923824,71.0,0.0,Essex,51.48799896,0.311071515,Jack,179147.3594,560434.8125
48712357,53.0,1.0,Pembrokeshire,51.94392395,-4.708242416,Amelie,230782.5156,213879.9531
39497163,30.0,1.0,Northamptonshire,52.23431396,-0.771534741,Violet,260324.2813,483884.0938
32627553,10.0,1.0,Hillingdon,51.57557297,-0.431040615,Enfys,187520.0781,508712.0313
3523563,9.0,0.0,Barnet,51.59122086,-0.180665627,Tyler,189661.5781,526015.8125
6575423,18.0,0.0,Camden,51.56204224,-0.178592309,Riley,186421.0938,526240.25
57666835,85.0,1.0,East Sussex,50.89453125,0.131052837,Olivia,112785.9063,549852.5
4355095,11.0,0.0,North Somerset,51.34261703,-2.886152506,Roman,160821.0156,338284.5625
44150839,42.0,1.0,Essex,51.9291687,0.453264296,Majka,228519.9375,568655.125
21817167,58.0,0.0,North Yorkshire,54.22101593,-1.062211514,Elliot,481012.375,461138.75
6172802,17.0,0.0,Shropshire,52.75113678,-2.612534761,Stanley,317271.5625,358660.75
42811085,38.0,1.0,Portsmouth,50.82734299,-1.046038151,Arabella,103586.1016,467180.1875
4966687,13.0,0.0,Enfield,51.62709808,0.001134113,Tobias,193980.0625,538497.75
1103182,3.0,0.0,Lancashire,54.11406708,-2.551236868,Theodore,468848.625,363969.1875
17330435,46.0,0.0,West Sussex,51.05747223,-0.485948086,Zachary,129830.9688,506096.375
51508336,61.0,1.0,"Herefordshire, County of",52.11977386,-2.347178936,Emilia,246931.5625,376231.9688
23252148,62.0,0.0,Peterborough,52.59295273,-0.136922687,Saul,301131.125,526186.5625
51336105,60.0,1.0,"Bristol, City of",51.40064621,-2.500745773,Kimia,167020.5781,365169.7813
39019484,29.0,1.0,Salford,53.49784851,-2.326029778,Natasza,400205.0,378374.6563
50801735,59.0,1.0,Northamptonshire,52.14354324,-0.878869534,Grace,250110.8281,476711.2188
46029876,47.0,1.0,Peterborough,52.56404114,-0.303607315,Esmae,297637.5,514973.5
18495520,49.0,0.0,Kent,50.99210358,0.88821578,Kaiden,125443.0781,602662.125
51704072,61.0,1.0,Gwynedd,52.81651688,-3.898779631,Maggie,326057.0,272051.2813
14397775,38.0,0.0,Portsmouth,50.81736755,-1.06950295,Busby,102455.5156,465541.7188
10440837,28.0,0.0,Barking and Dagenham,51.56018829,0.15874733,Timothy,186851.2031,549624.75
12403564,33.0,0.0,Newham,51.50595093,0.031310663,Ezra,180567.4375,540960.3125
2182321,6.0,0.0,Cheshire West and Chester,53.18070984,-2.714997053,Daniel,365116.1875,352221.8125
4854046,13.0,0.0,Northamptonshire,52.72932434,-0.752111256,Oliver,315399.8438,484259.1875
14158567,38.0,0.0,Lancashire,53.68696976,-2.492289066,Lucas,421306.875,367492.3125
51705047,61.0,1.0,Conwy,53.12908173,-3.76997447,Trisha,360598.2813,281587.5938
22109481,59.0,0.0,Gateshead,54.88815308,-1.728241444,Stanley,554866.375,417430.5938
21453516,57.0,0.0,Doncaster,53.42116165,-1.064703584,Alfie,392032.3438,462148.7813
16868807,45.0,0.0,Harrow,51.61996078,-0.388597161,Monroe,192519.9375,511543.9063
17776013,47.0,0.0,Carmarthenshire,51.90605545,-4.196184635,Isaac,225385.1563,248938.6406
53748075,68.0,1.0,Norfolk,52.77082062,0.861616075,Emily,323124.0938,593019.4375
4970133,13.0,0.0,Harrow,51.57703781,-0.314258665,Eric,187862.6719,516799.5
7118706,20.0,0.0,Salford,53.49790192,-2.362499952,Moishy,400222.75,375955.625
29661544,2.0,1.0,Leicestershire,52.58850098,-1.557182312,Emily,299098.3438,429996.4688
19912385,53.0,0.0,Leicestershire,52.65033722,-1.62174952,Zackary,305951.2188,425586.625
36145296,21.0,1.0,Thurrock,51.48139572,0.411484897,Imogen,178638.2656,567428.8125
46626622,48.0,1.0,Gloucestershire,51.7720871,-1.809185386,Isla,208224.875,413164.6875
58345150,90.0,1.0,Havering,51.57450104,0.220208332,Imogen,188570.1406,553835.875
38671191,28.0,1.0,Sheffield,53.35661316,-1.507375956,Hasna,384558.0313,432783.8438
50321006,58.0,1.0,County Durham,54.73314667,-1.427115917,Molly,537736.4375,436885.5938
5339293,14.0,0.0,Hampshire,51.022686,-1.078894615,Eli,125276.1797,464595.3125
17205267,46.0,0.0,Norfolk,52.22142029,1.253611207,Alexander,263168.5313,622207.375
51382356,60.0,1.0,Cardiff,51.50566864,-3.307806253,Shanzay,179390.6094,309243.3438
48414990,53.0,1.0,Leeds,53.85975647,-1.674670577,Aisha,440464.9375,421394.7188
47324724,50.0,1.0,Bromley,51.33782196,0.066432156,Eliza,161942.5,543924.5625
49970101,57.0,1.0,Cumbria,54.61519623,-2.94575119,Isla,524873.25,338930.875
29676991,2.0,1.0,Shropshire,52.87282181,-3.660540104,Lyla,331921.625,288248.3438
34890726,17.0,1.0,Slough,51.50945282,-0.577331185,Edie,179960.0469,498719.1563
57365841,83.0,1.0,Suffolk,52.25985718,0.926962554,Afiyah,266489.875,599731.0625
30408659,4.0,1.0,Peterborough,52.54763794,-0.260409623,Sophie,295883.0625,517945.0
18196419,49.0,0.0,Blackburn with Darwen,53.68590927,-2.551992178,Oliver,421217.2813,363549.0313
31857813,8.0,1.0,Essex,51.97023773,0.571325719,Eden,233366.2031,576608.75
35339723,19.0,1.0,Lancashire,54.08768845,-2.462023973,Clara,465872.25,369781.25
10349251,28.0,0.0,Dudley,52.54832077,-2.089240074,Zachary,294540.8125,393949.3438
10190188,28.0,0.0,Gateshead,54.93834305,-1.718085647,Elijah,560454.0,418059.5313
22895469,61.0,0.0,Nottinghamshire,53.12629318,-0.766377389,Callum,359535.7813,482537.3438
26866674,75.0,0.0,North Yorkshire,53.93595886,-1.879135013,Joseph,448900.25,407934.0313
49892040,56.0,1.0,South Gloucestershire,51.55350113,-2.421870947,Brooke,183983.3281,370753.9375
43922918,41.0,1.0,Kent,51.16341782,0.717637539,Sophie,144032.3438,589991.5
19323174,51.0,0.0,West Sussex,51.16543961,-0.588710964,Teddy,141692.875,498665.4063
32632927,10.0,1.0,Redbridge,51.54820251,0.057013646,Isla,185315.5156,542611.6875
53949259,69.0,1.0,York,54.02134705,-1.167055607,Imogen,458713.8438,454565.3125
19573528,52.0,0.0,Thurrock,51.52503967,0.256774962,Michael,183148.4063,556538.9375
1750442,4.0,0.0,Swindon,51.58475876,-1.788817763,Rehan,187396.5313,414630.125
48918178,54.0,1.0,Peterborough,52.55216599,-0.32442835,Joanie,296283.9688,513593.125
23395734,62.0,0.0,Somerset,50.84747696,-3.432924509,Louis,106369.1953,299134.75
26710060,74.0,0.0,Hertfordshire,51.85291672,-0.196616799,Mohammed,218733.8281,524191.7813
8148637,22.0,0.0,Cornwall,50.24594116,-4.878810406,David,42473.94531,194773.7813
43716130,41.0,1.0,Kirklees,53.68172073,-1.957389474,Ellie,420610.8125,402814.0938
3587614,9.0,0.0,Hampshire,51.33338165,-1.573801041,George,159508.0469,429688.4688
51885320,62.0,1.0,Essex,51.70676804,0.839394152,Thea-Louise,204759.6563,596159.5625
56558354,79.0,1.0,Newcastle upon Tyne,54.99172592,-1.707715511,Edith,566396.375,418699.0
19478570,52.0,0.0,Bradford,53.72865677,-1.705579996,Jayden,425871.7813,419422.4688
19838341,53.0,0.0,Wigan,53.54080582,-2.640347481,Quinn,405124.6563,357569.2813
49202917,55.0,1.0,Knowsley,53.45865631,-2.826104879,Kimberly,396113.5,345154.9375
48459520,53.0,1.0,Shropshire,52.64440155,-2.529008389,Lilly-Mae,305355.25,364210.625
45801740,46.0,1.0,Wiltshire,51.4726181,-1.872700691,Ava,174912.5,408840.625
57491540,84.0,1.0,Birmingham,52.47172165,-1.892168999,Millie,286022.8125,407323.875
1026875,2.0,0.0,Devon,50.46688461,-3.881834745,Aarav,64765.52734,266462.3438
6797727,19.0,0.0,Barnsley,53.51943207,-1.446148038,Ronald,402699.2188,436717.875
13666015,36.0,0.0,Surrey,51.2511673,-0.316339314,William,151625.9688,517487.875
8241254,23.0,0.0,Wigan,53.56653976,-2.578557014,Bogomil,407952.9063,361686.875
47609556,51.0,1.0,Northamptonshire,52.09121704,-1.411646724,Ajooni,243861.6563,440304.5625
10677918,29.0,0.0,Bradford,53.82970428,-1.889072061,Dean,437078.2813,407300.2188
50746420,59.0,1.0,Wirral,53.37181854,-3.119213104,Emily,386719.5,325544.5938
28802241,90.0,0.0,Wolverhampton,52.59061432,-2.111684084,Tommy,299247.25,392434.875
23719850,64.0,0.0,Northumberland,55.63519669,-2.710775137,Imran,638188.25,355258.5938
48606027,53.0,1.0,Milton Keynes,52.00325775,-0.860397995,Emily,234529.4844,478219.8438
39127623,29.0,1.0,Birmingham,52.47848129,-1.761085033,Megan,286796.2813,416224.625
2826326,7.0,0.0,Slough,51.51879501,-0.568672955,Mohammed,181011.125,499299.5938
24580860,66.0,0.0,Neath Port Talbot,51.69003677,-3.7935009,Thomas,200605.0781,276043.1875
26809684,74.0,0.0,Isle of Anglesey,53.25821686,-4.453472137,Leo,376307.5938,236360.5781
34861145,17.0,1.0,Bromley,51.4151535,-0.025146015,Favour,170364.625,537315.1875
29436447,1.0,1.0,Brent,51.55351639,-0.277508348,Evelyn,185307.1719,519407.2188
5215448,14.0,0.0,Birmingham,52.47829056,-1.864946365,Nouh,286757.0625,409171.4688
35878788,20.0,1.0,Portsmouth,50.80542374,-1.05276978,Faryal,101142.6016,466737.375
3026919,8.0,0.0,Nottingham,52.9291687,-1.203016043,Oliver,337195.375,453567.75
12375614,33.0,0.0,Suffolk,52.15023422,1.033428073,Harry,254601.4531,607504.8125
50830776,59.0,1.0,Birmingham,52.48577881,-2.101847887,Hind,287586.3438,393084.6875
15152187,40.0,0.0,Kent,51.20434189,0.957242668,William,149228.5625,606556.25
25866635,71.0,0.0,Lincolnshire,53.08169556,-0.330979377,Kazimierz,355165.5625,511781.9063
33217953,12.0,1.0,Birmingham,52.54913712,-2.008475542,Eva,294627.875,399425.3438
24940713,68.0,0.0,Bradford,53.78979111,-1.847999096,Ethan,432643.1563,410012.75
5780015,16.0,0.0,Lancashire,53.89834213,-2.507386684,Julian,444827.875,366663.4063
12992183,35.0,0.0,Stockport,53.37960052,-2.088265896,Senan,387005.25,394129.0938
5412502,14.0,0.0,Blaenau Gwent,51.69548798,-3.163086653,Henley,200329.6719,319621.8438
53799815,68.0,1.0,Buckinghamshire,51.98501205,-1.068198919,Violet,232297.0781,463983.1875
16608660,44.0,0.0,Powys,52.22977829,-3.570206642,Logan,260270.125,292770.875
35969980,21.0,1.0,County Durham,54.63322067,-1.510040402,Ivy,526578.0625,431624.0625
47293271,50.0,1.0,Suffolk,52.545681,0.659890652,Isabella,297567.9375,580340.125
50535989,58.0,1.0,Southwark,51.45676422,-0.079565361,Lara,174890.9844,533410.375
40206427,32.0,1.0,Oldham,53.56177521,-2.070530653,Isla,407269.25,395328.7813
4617290,12.0,0.0,Bromley,51.35451508,-0.04822972,Corey,163579.7969,535889.8125
21131657,56.0,0.0,Stoke-on-Trent,52.99969864,-2.196055651,Umar,344761.0313,386843.8125
5421824,15.0,0.0,Stockton-on-Tees,54.59270859,-1.377208352,Louis,522138.8125,440237.4375
